Launch Date and Time (UTC),Launch Site (Abbrv.),Latitude,Longitude,Launch Vehicle,Official Payload Name,Success,Launch Site (Full)
2026 JUL 16 2032,VSFB,34.632,-120.611,Falcon 9 Block 5,SDA Tranche 1 Transport Layer E,S,"Space Launch Complex 4E / Vandenberg SFB, CA, USA"
2026 JUL 14 1447,Baikonur,45.996034,63.564003,Soyuz 2.1a,Soyuz MS-29,S,"31/6 / Baikonur Cosmodrome, Republic of Kazakhstan"
2026 JUL 14 0910,CCSFS,28.56194122,-80.57735736,Falcon 9 Block 5,Starlink Group 10-45,S,"Space Launch Complex 40 / Cape Canaveral SFS, FL, USA"
2026 JUL 14 0128,VSFB,34.632,-120.611,Falcon 9 Block 5,Starlink Group 15-14,S,"Space Launch Complex 4E / Vandenberg SFB, CA, USA"
2026 JUL 11 0301,VSFB,34.632,-120.611,Falcon 9 Block 5,Starlink Group 17-48,S,"Space Launch Complex 4E / Vandenberg SFB, CA, USA"
2026 JUL 10 0415,WSLC,19.59755,110.936481,Long March 10B,Demo Flight,S,"Commercial LC-2 / Wenchang Space Launch Site, People's Republic of China"
2026 JUL 09 0925,CCSFS,28.56194122,-80.57735736,Falcon 9 Block 5,Starlink Group 10-42,S,"Space Launch Complex 40 / Cape Canaveral SFS, FL, USA"
2026 JUL 07 0712,VSFB,34.632,-120.611,Falcon 9 Block 5,Transporter 17 (Dedicated SSO Rideshare),S,"Space Launch Complex 4E / Vandenberg SFB, CA, USA"
2026 JUL 05 1343,WSLC,19.597275,110.930753,Long March 8A,SpaceSail Polar Group #14,S,"Commercial LC-1 / Wenchang Space Launch Site, People's Republic of China"
2026 JUL 05 1050,CCSFS,28.56194122,-80.57735736,Falcon 9 Block 5,Starlink Group 10-50,S,"Space Launch Complex 40 / Cape Canaveral SFS, FL, USA"
2026 JUL 04 0930,TSLC,38.8583,111.5802,Long March 6A,SpaceSail Polar Group #13,S,"Launch Complex 9A / Taiyuan Satellite Launch Center, People's Republic of China"
2026 JUL 03 0836,,8.716667,167.733333,Pegasus XL,Swift Boost Mission,S,Kwajalein Atoll / Air launch to orbit
2026 JUL 02 0430,CCSFS,28.58341025,-80.58303644,Atlas V 551,Amazon Leo (LA-08),S,"Space Launch Complex 41 / Cape Canaveral SFS, FL, USA"
2026 JUL 02 0258,VSFB,34.632,-120.611,Falcon 9 Block 5,Starlink Group 17-46,S,"Space Launch Complex 4E / Vandenberg SFB, CA, USA"
2026 JUL 01 2346,JSLC,40.960482,100.298059,Long March 4B,Haiyang 2E,S,"Launch Area 94 (SLS-2 / 603) / Jiuquan Satellite Launch Center, People's Republic of China"
2026 JUN 29 0225,CCSFS,28.56194122,-80.57735736,Falcon 9 Block 5,Sirius SXM-11,S,"Space Launch Complex 40 / Cape Canaveral SFS, FL, USA"
2026 JUN 28 1609,VSFB,34.632,-120.611,Falcon 9 Block 5,Starlink Group 17-40,S,"Space Launch Complex 4E / Vandenberg SFB, CA, USA"
2026 JUN 26 1743,LC-1,-39.262833,177.864469,Electron,Ten Owl Of Ten (StriX Launch 10),S,"Rocket Lab Launch Complex 1B / Rocket Lab Launch Complex 1, Mahia Peninsula, New Zealand"
2026 JUN 25 0330,VSFB,34.632,-120.611,Falcon 9 Block 5,Starlink Group 17-45,S,"Space Launch Complex 4E / Vandenberg SFB, CA, USA"
2026 JUN 23 1053,CCSFS,28.56194122,-80.57735736,Falcon 9 Block 5,Project Starfall Demonstration Mission,S,"Space Launch Complex 40 / Cape Canaveral SFS, FL, USA"
2026 JUN 23 0210,WSLC,19.618452,110.955356,Long March 7A,TJSW-26A,S,"201 / Wenchang Space Launch Site, People's Republic of China"
2026 JUN 21 1639,VSFB,34.632,-120.611,Falcon 9 Block 5,Starlink Group 17-28,S,"Space Launch Complex 4E / Vandenberg SFB, CA, USA"
2026 JUN 19 1019,LC-1,-39.262833,177.864469,Electron,VICTUS HAZE Puma,S,"Rocket Lab Launch Complex 1A / Rocket Lab Launch Complex 1, Mahia Peninsula, New Zealand"
2026 JUN 19 0850,VSFB,34.632,-120.611,Falcon 9 Block 5,NROL-179,S,"Space Launch Complex 4E / Vandenberg SFB, CA, USA"
2026 JUN 17 1221,CSG,5.256319,-52.786838,Ariane 64 Block 2,Amazon Leo (LE-03),S,"Ariane Launch Area 4 / Guiana Space Centre, French Guiana"
2026 JUN 17 0639,CCSFS,28.56194122,-80.57735736,Falcon 9 Block 5,BlueBird Block 2 #3-5,S,"Space Launch Complex 40 / Cape Canaveral SFS, FL, USA"
2026 JUN 17 0358,JSLC,40.969117,100.343333,Kuaizhou 11,CentiSpace-1 Group 05,S,"Launch Area 95A / Jiuquan Satellite Launch Center, People's Republic of China"
2026 JUN 17 0244,WSLC,19.59755,110.936481,Long March 12,SatNet LEO Group 22,S,"Commercial LC-2 / Wenchang Space Launch Site, People's Republic of China"
2026 JUN 16 0945,XSLC,28.245504,102.026768,Long March 3B/E,Shijian 31,S,"Launch Complex 2 (LC-2) / Xichang Satellite Launch Center, People's Republic of China"
2026 JUN 15 1534,VSFB,34.632,-120.611,Falcon 9 Block 5,Starlink Group 17-54,S,"Space Launch Complex 4E / Vandenberg SFB, CA, USA"
2026 JUN 15 0344,JSLC,40.8182,100.22514,Kinetica 1,8 x Jilin-1,S,"Launch Area 130 / Jiuquan Satellite Launch Center, People's Republic of China"
2026 JUN 12 1237,CCSFS,28.56194122,-80.57735736,Falcon 9 Block 5,Starlink Group 10-54,S,"Space Launch Complex 40 / Cape Canaveral SFS, FL, USA"
2026 JUN 12 0053,TNSC,30.400938,130.97564,H3-30,H3-30 Test Flight,S,"Yoshinobu Launch Complex LP-2 / Tanegashima Space Center, Japan"
2026 JUN 11 1505,VSFB,34.632,-120.611,Falcon 9 Block 5,Starlink Group 17-44,S,"Space Launch Complex 4E / Vandenberg SFB, CA, USA"
2026 JUN 11 0800,WFF,37.833262,-75.488235,Electron,HASTE | Curveball,S,"Rocket Lab Launch Complex 2 (Launch Area 0 C) / Wallops Flight Facility, Virginia, USA"
2026 JUN 11 0730,WSLC,19.614334,110.951011,Long March 5,TJSW-25,S,"101 / Wenchang Space Launch Site, People's Republic of China"
2026 JUN 09 0823,JSLC,40.91491,100.245488,Zhuque-2E Block 2,2 x SatNet DTC test satellites,S,"Launch Area 96A / Jiuquan Satellite Launch Center, People's Republic of China"
2026 JUN 08 1013,CCSFS,28.56194122,-80.57735736,Falcon 9 Block 5,Starlink Group 10-35,S,"Space Launch Complex 40 / Cape Canaveral SFS, FL, USA"
2026 JUN 07 0424,VSFB,34.632,-120.611,Falcon 9 Block 5,Starlink Group 17-43,S,"Space Launch Complex 4E / Vandenberg SFB, CA, USA"
2026 JUN 05 0634,WSLC,19.597275,110.930753,Long March 8,SpaceSail Polar Group #12,S,"Commercial LC-1 / Wenchang Space Launch Site, People's Republic of China"
2026 JUN 04 1139,TSLC,38.8583,111.5802,Long March 6A,SpaceSail Polar Group #11,S,"Launch Complex 9A / Taiyuan Satellite Launch Center, People's Republic of China"
2026 JUN 04 1026,CCSFS,28.56194122,-80.57735736,Falcon 9 Block 5,Starlink Group 10-43,S,"Space Launch Complex 40 / Cape Canaveral SFS, FL, USA"
2026 JUN 03 1540,VSFB,34.632,-120.611,Falcon 9 Block 5,Starlink Group 17-47,S,"Space Launch Complex 4E / Vandenberg SFB, CA, USA"
2026 JUN 01 0840,JSLC,40.891596,100.217289,Long March 12B,Demo Flight (SpaceSail Polar Group #10),S,"Long March 12 series Pad / Jiuquan Satellite Launch Center, People's Republic of China"
2026 MAY 30 1807,XSLC,28.247059,102.029008,Long March 2D,4 x SatNet test satellites,S,"Launch Complex 3 (LC-3/LA-1) / Xichang Satellite Launch Center, People's Republic of China"
2026 MAY 30 1525,VSFB,34.632,-120.611,Falcon 9 Block 5,Starlink Group 17-41,S,"Space Launch Complex 4E / Vandenberg SFB, CA, USA"
2026 MAY 29 2353,CCSFS,28.58341025,-80.58303644,Atlas V 551,Amazon Leo (LA-07),S,"Space Launch Complex 41 / Cape Canaveral SFS, FL, USA"
2026 MAY 29 1257,CCSFS,28.56194122,-80.57735736,Falcon 9 Block 5,Starlink Group 10-53,S,"Space Launch Complex 40 / Cape Canaveral SFS, FL, USA"
2026 MAY 26 1616,WSLC,19.618452,110.955356,Long March 7A,TJSW-24,S,"201 / Wenchang Space Launch Site, People's Republic of China"
2026 MAY 26 1450,VSFB,34.632,-120.611,Falcon 9 Block 5,Starlink Group 17-37,S,"Space Launch Complex 4E / Vandenberg SFB, CA, USA"
2026 MAY 25 1148,CCSFS,28.56194122,-80.57735736,Falcon 9 Block 5,Starlink Group 10-47,S,"Space Launch Complex 40 / Cape Canaveral SFS, FL, USA"
2026 MAY 24 1508,JSLC,40.957893,100.290944,Long March 2F/G,Shenzhou 23,S,"Launch Area 91 (SLS-1 / 921) / Jiuquan Satellite Launch Center, People's Republic of China"
2026 MAY 22 2230,Starbase,25.99677,-97.15799,Starship V3,Starship | Flight 12,S,"Orbital Launch Pad 2 / SpaceX Starbase, TX, USA"
2026 MAY 22 0933,LC-1,-39.262833,177.864469,Electron,Viva La StriX (StriX Launch 9),S,"Rocket Lab Launch Complex 1B / Rocket Lab Launch Complex 1, Mahia Peninsula, New Zealand"
2026 MAY 21 1004,CCSFS,28.56194122,-80.57735736,Falcon 9 Block 5,Starlink Group 10-31,S,"Space Launch Complex 40 / Cape Canaveral SFS, FL, USA"
2026 MAY 20 0246,VSFB,34.632,-120.611,Falcon 9 Block 5,Starlink Group 17-42,S,"Space Launch Complex 4E / Vandenberg SFB, CA, USA"
2026 MAY 19 0352,CSG,5.236,-52.775,Vega-C,Solar wind Magnetosphere Ionosphere Link Explorer (SMILE),S,"Ariane Launch Area 1 (ELV) / Guiana Space Centre, French Guiana"
2026 MAY 17 1442,WSLC,19.597275,110.930753,Long March 8,SpaceSail Polar Group #9,S,"Commercial LC-1 / Wenchang Space Launch Site, People's Republic of China"
2026 MAY 15 2205,CCSFS,28.56194122,-80.57735736,Falcon 9 Block 5,Dragon CRS-2 SpX-34,S,"Space Launch Complex 40 / Cape Canaveral SFS, FL, USA"
2026 MAY 15 0433,JSLC,40.8182,100.22514,Kinetica 1,5 satellites,S,"Launch Area 130 / Jiuquan Satellite Launch Center, People's Republic of China"
2026 MAY 14 0300,JSLC,40.91491,100.245488,Zhuque-2E Block 2,Mass Simulator,S,"Launch Area 96A / Jiuquan Satellite Launch Center, People's Republic of China"
2026 MAY 12 1159,TSLC,38.8583,111.5802,Long March 6A,SpaceSail Polar Group #8,S,"Launch Complex 9A / Taiyuan Satellite Launch Center, People's Republic of China"
2026 MAY 12 0213,VSFB,34.632,-120.611,Falcon 9 Block 5,NROL-172,S,"Space Launch Complex 4E / Vandenberg SFB, CA, USA"
2026 MAY 11 0014,WSLC,19.618452,110.955356,Long March 7,Tianzhou-10,S,"201 / Wenchang Space Launch Site, People's Republic of China"
2026 MAY 06 0359,VSFB,34.632,-120.611,Falcon 9 Block 5,Starlink Group 17-29,S,"Space Launch Complex 4E / Vandenberg SFB, CA, USA"
2026 MAY 03 0700,VSFB,34.632,-120.611,Falcon 9 Block 5,CAS500-2 & Others,S,"Space Launch Complex 4E / Vandenberg SFB, CA, USA"
2026 MAY 01 1806,CCSFS,28.56194122,-80.57735736,Falcon 9 Block 5,Starlink Group 10-38,S,"Space Launch Complex 40 / Cape Canaveral SFS, FL, USA"
2026 APR 30 1800,Baikonur,45.943492,63.653014,Soyuz-5,Demo Flight,S,"45/1 / Baikonur Cosmodrome, Republic of Kazakhstan"
2026 APR 30 0857,CSG,5.256319,-52.786838,Ariane 64,Amazon Leo (LE-02),S,"Ariane Launch Area 4 / Guiana Space Centre, French Guiana"
2026 APR 30 0242,VSFB,34.632,-120.611,Falcon 9 Block 5,Starlink Group 17-36,S,"Space Launch Complex 4E / Vandenberg SFB, CA, USA"
2026 APR 29 1413,KSC,28.60822681,-80.60428186,Falcon Heavy,ViaSat-3 F3 (ViaSat-3 Asia-Pacific),S,"Launch Complex 39A / Kennedy Space Center, FL, USA"
2026 APR 28 0053,CCSFS,28.58341025,-80.58303644,Atlas V 551,Amazon Leo (LA-06),S,"Space Launch Complex 41 / Cape Canaveral SFS, FL, USA"
2026 APR 26 1437,VSFB,34.632,-120.611,Falcon 9 Block 5,Starlink Group 17-16,S,"Space Launch Complex 4E / Vandenberg SFB, CA, USA"
2026 APR 25 2221,Baikonur,45.996034,63.564003,Soyuz 2.1a,Progress MS-34 (95P),S,"31/6 / Baikonur Cosmodrome, Republic of Kazakhstan"
2026 APR 25 1215,TSLC,38.868222,111.58024,Long March 6,PRSC-EO3,S,"Launch Complex 16 / Taiyuan Satellite Launch Center, People's Republic of China"
2026 APR 24 0635,XSLC,28.247059,102.029008,Long March 2D,4 x SatNet test satellites,S,"Launch Complex 3 (LC-3/LA-1) / Xichang Satellite Launch Center, People's Republic of China"
2026 APR 23 0829,Plesetsk,62.927319,40.574897,Angara 1.2,Kosmos (Unknown Payload),S,"35/1 / Plesetsk Cosmodrome, Russian Federation"
2026 APR 23 0323,VSFB,34.632,-120.611,Falcon 9 Block 5,Starlink Group 17-14,S,"Space Launch Complex 4E / Vandenberg SFB, CA, USA"
2026 APR 23 0309,LC-1,-39.262833,177.864469,Electron,Kakushin Rising (JAXA Rideshare),S,"Rocket Lab Launch Complex 1A / Rocket Lab Launch Complex 1, Mahia Peninsula, New Zealand"
2026 APR 22 0136,WFF,37.833262,-75.488235,Electron,HASTE | Bubbles,S,"Rocket Lab Launch Complex 2 (Launch Area 0 C) / Wallops Flight Facility, Virginia, USA"
2026 APR 21 0653,CCSFS,28.56194122,-80.57735736,Falcon 9 Block 5,GPS III SV10,S,"Space Launch Complex 40 / Cape Canaveral SFS, FL, USA"
2026 APR 19 1603,VSFB,34.632,-120.611,Falcon 9 Block 5,Starlink Group 17-22,S,"Space Launch Complex 4E / Vandenberg SFB, CA, USA"
2026 APR 19 1125,CCSFS,28.4705556,-80.542194,New Glenn,BlueBird Block 2 #2,F,"Launch Complex 36A / Cape Canaveral SFS, FL, USA"
2026 APR 17 0410,JSLC,40.960482,100.298059,Long March 4C,Daqi-2 (AEMS),S,"Launch Area 94 (SLS-2 / 603) / Jiuquan Satellite Launch Center, People's Republic of China"
2026 APR 16 2317,Plesetsk,62.92883,40.457098,Soyuz 2.1b Volga,Soyuz 2.1b/Volga | Kosmos (Unknown Payload),S,"43/4 (43R) / Plesetsk Cosmodrome, Russian Federation"
2026 APR 15 0429,VSFB,34.632,-120.611,Falcon 9 Block 5,Starlink Group 17-27,S,"Space Launch Complex 4E / Vandenberg SFB, CA, USA"
2026 APR 14 0933,CCSFS,28.56194122,-80.57735736,Falcon 9 Block 5,Starlink Group 10-24,S,"Space Launch Complex 40 / Cape Canaveral SFS, FL, USA"
2026 APR 14 0403,JSLC,40.8182,100.22514,Kinetica 1,8 x Jilin-1,S,"Launch Area 130 / Jiuquan Satellite Launch Center, People's Republic of China"
2026 APR 11 1141,CCSFS,28.56194122,-80.57735736,Falcon 9 Block 5,Cygnus CRS-2 NG-24 (S.S. Steven R. Nagel),S,"Space Launch Complex 40 / Cape Canaveral SFS, FL, USA"
2026 APR 11 1132,YSLA,21.366667,112.116667,Smart Dragon 3,SatNet test satellite,S,South China Sea (launch location 3) / Haiyang Oriental Spaceport
2026 APR 11 0504,VSFB,34.632,-120.611,Falcon 9 Block 5,Starlink Group 17-21,S,"Space Launch Complex 4E / Vandenberg SFB, CA, USA"
2026 APR 08 1938,TSLC,38.8583,111.5802,Long March 6A,SatNet LEO Group 21,S,"Launch Complex 9A / Taiyuan Satellite Launch Center, People's Republic of China"
2026 APR 07 1332,WSLC,19.597275,110.930753,Long March 8,SpaceSail Polar Group #7,S,"Commercial LC-1 / Wenchang Space Launch Site, People's Republic of China"
2026 APR 07 1133,VSFB,34.57635,-120.63245,Minotaur IV,STP-S29A,S,"Space Launch Complex 8 / Vandenberg SFB, CA, USA"
2026 APR 07 0250,VSFB,34.632,-120.611,Falcon 9 Block 5,Starlink Group 17-35,S,"Space Launch Complex 4E / Vandenberg SFB, CA, USA"
2026 APR 04 0546,CCSFS,28.58341025,-80.58303644,Atlas V 551,Amazon Leo (LA-05),S,"Space Launch Complex 41 / Cape Canaveral SFS, FL, USA"
2026 APR 03 0628,Plesetsk,62.9273,40.45,Soyuz 2.1a Fregat-M,Soyuz 2.1a/Fregat-M | Meridian-M No.21L,S,"43/3 (43L) / Plesetsk Cosmodrome, Russian Federation"
2026 APR 03 0417,JSLC,40.8072,100.13644,Tianlong-3,Demo Flight,F,"Tianlong-3 Launch Pad / Jiuquan Satellite Launch Center, People's Republic of China"
2026 APR 02 1155,CCSFS,28.56194122,-80.57735736,Falcon 9 Block 5,Starlink Group 10-58,S,"Space Launch Complex 40 / Cape Canaveral SFS, FL, USA"
2026 APR 01 2235,KSC,28.62711233,-80.62101503,Space Launch System Block 1,SLS Block 1 | Artemis II,S,"Launch Complex 39B / Kennedy Space Center, FL, USA"
2026 MAR 30 2115,CCSFS,28.56194122,-80.57735736,Falcon 9 Block 5,Starlink Group 10-44,S,"Space Launch Complex 40 / Cape Canaveral SFS, FL, USA"
2026 MAR 30 1102,VSFB,34.632,-120.611,Falcon 9 Block 5,Transporter 16 (Dedicated SSO Rideshare),S,"Space Launch Complex 4E / Vandenberg SFB, CA, USA"
2026 MAR 30 1100,JSLC,40.81748,100.21939,Kinetica 2,Demo Flight (Qingzhou Prototype Spacecraft),S,"Launch Area 140 / Jiuquan Satellite Launch Center, People's Republic of China"
2026 MAR 28 0914,LC-1,-39.262833,177.864469,Electron,Daughter Of The Stars (LEO-PNT Pathfinder A),S,"Rocket Lab Launch Complex 1A / Rocket Lab Launch Complex 1, Mahia Peninsula, New Zealand"
2026 MAR 27 0411,JSLC,40.960482,100.298059,Long March 2C/YZ-1S,Shiyan 33,S,"Launch Area 94 (SLS-2 / 603) / Jiuquan Satellite Launch Center, People's Republic of China"
2026 MAR 26 2303,VSFB,34.632,-120.611,Falcon 9 Block 5,Starlink Group 17-17,S,"Space Launch Complex 4E / Vandenberg SFB, CA, USA"
2026 MAR 25 2251,TSLC,38.863128,111.589567,Long March 2D,SuperView Neo 2-05 & 06,S,"Launch Complex 9 / Taiyuan Satellite Launch Center, People's Republic of China"
2026 MAR 23 1724,Plesetsk,62.92883,40.457098,Soyuz 2.1b,16 x Rassvet-3,S,"43/4 (43R) / Plesetsk Cosmodrome, Russian Federation"
2026 MAR 22 1549,YSLA,36.631333,121.198361,Smart Dragon 3,10 x CentiSpace-1,S,Haiyang offshore launch location / Haiyang Oriental Spaceport
2026 MAR 22 1447,CCSFS,28.56194122,-80.57735736,Falcon 9 Block 5,Starlink Group 10-62,S,"Space Launch Complex 40 / Cape Canaveral SFS, FL, USA"
2026 MAR 22 1159,Baikonur,45.996034,63.564003,Soyuz 2.1a,Progress MS-33 (94P),S,"31/6 / Baikonur Cosmodrome, Republic of Kazakhstan"
2026 MAR 20 2151,VSFB,34.632,-120.611,Falcon 9 Block 5,Starlink Group 17-15,S,"Space Launch Complex 4E / Vandenberg SFB, CA, USA"
2026 MAR 20 1810,LC-1,-39.262833,177.864469,Electron,Eight Days A Week (StriX Launch 8),S,"Rocket Lab Launch Complex 1B / Rocket Lab Launch Complex 1, Mahia Peninsula, New Zealand"
2026 MAR 20 0000,VSFB,34.742,-120.572,Falcon 9,Starlink-371 (17-15),S,"California, United States"
2026 MAR 20 0000,MP,-39.261,177.864,Electron,"""Eight Days a Week""",S,New Zealand
2026 MAR 19 1420,CCSFS,28.56194122,-80.57735736,Falcon 9 Block 5,Starlink Group 10-33,S,"Space Launch Complex 40 / Cape Canaveral SFS, FL, USA"
2026 MAR 19 0000,KSC,28.572,-80.648,Falcon 9,Starlink-370 (10-33),S,"Florida, United States"
2026 MAR 17 1327,CCSFS,28.56194122,-80.57735736,Falcon 9 Block 5,Starlink Group 10-46,S,"Space Launch Complex 40 / Cape Canaveral SFS, FL, USA"
2026 MAR 17 0519,VSFB,34.632,-120.611,Falcon 9 Block 5,Starlink Group 17-24,S,"Space Launch Complex 4E / Vandenberg SFB, CA, USA"
2026 MAR 16 0412,JSLC,40.969117,100.343333,Kuaizhou 11,8 satellites,S,"Launch Area 95A / Jiuquan Satellite Launch Center, People's Republic of China"
2026 MAR 15 1322,TSLC,38.8583,111.5802,Long March 6A,Yaogan 50-02,S,"Launch Complex 9A / Taiyuan Satellite Launch Center, People's Republic of China"
2026 MAR 14 1237,CCSFS,28.56194122,-80.57735736,Falcon 9 Block 5,Starlink Group 10-48,S,"Space Launch Complex 40 / Cape Canaveral SFS, FL, USA"
2026 MAR 13 1457,VSFB,34.632,-120.611,Falcon 9 Block 5,Starlink Group 17-31,S,"Space Launch Complex 4E / Vandenberg SFB, CA, USA"
2026 MAR 12 2233,XSLC,28.247059,102.029008,Long March 2D,Shiyan 30 03-04,S,"Launch Complex 3 (LC-3/LA-1) / Xichang Satellite Launch Center, People's Republic of China"
2026 MAR 12 1948,WSLC,19.597275,110.930753,Long March 8A,SatNet LEO Group 20,S,"Commercial LC-1 / Wenchang Space Launch Site, People's Republic of China"
2026 MAR 12 0050,VSFB,34.7556,-120.6224,Firefly Alpha,Stairway to Seven,S,"Space Launch Complex 2W / Vandenberg SFB, CA, USA"
2026 MAR 10 0419,CCSFS,28.56194122,-80.57735736,Falcon 9 Block 5,EchoStar 25,S,"Space Launch Complex 40 / Cape Canaveral SFS, FL, USA"
2026 MAR 08 1100,VSFB,34.632,-120.611,Falcon 9 Block 5,Starlink Group 17-18,S,"Space Launch Complex 4E / Vandenberg SFB, CA, USA"
2026 MAR 05 2353,LC-1,-39.262833,177.864469,Electron,Insight At Speed Is A Friend Indeed (BlackSky Gen-3 4),S,"Rocket Lab Launch Complex 1A / Rocket Lab Launch Complex 1, Mahia Peninsula, New Zealand"
2026 MAR 05 0210,,33.544224,135.889502,Kii-based Advanced & Instant ROcket System,KAIROS | Flight 3,F,"Space One Launch Pad / Spaceport Kii, Japan"
2026 MAR 04 1052,CCSFS,28.56194122,-80.57735736,Falcon 9 Block 5,Starlink Group 10-40,S,"Space Launch Complex 40 / Cape Canaveral SFS, FL, USA"
2026 MAR 02 0256,CCSFS,28.56194122,-80.57735736,Falcon 9 Block 5,Starlink Group 10-41,S,"Space Launch Complex 40 / Cape Canaveral SFS, FL, USA"
2026 MAR 01 1010,VSFB,34.632,-120.611,Falcon 9 Block 5,Starlink Group 17-23,S,"Space Launch Complex 4E / Vandenberg SFB, CA, USA"
2026 FEB 28 0000,WFF,37.833262,-75.488235,Electron,HASTE | That's Not A Knife (DART AE),S,"Rocket Lab Launch Complex 2 (Launch Area 0 C) / Wallops Flight Facility, Virginia, USA"
2026 FEB 27 1216,CCSFS,28.56194122,-80.57735736,Falcon 9 Block 5,Starlink Group 6-108,S,"Space Launch Complex 40 / Cape Canaveral SFS, FL, USA"
2026 FEB 25 1417,VSFB,34.632,-120.611,Falcon 9 Block 5,Starlink Group 17-26,S,"Space Launch Complex 4E / Vandenberg SFB, CA, USA"
2026 FEB 24 2304,CCSFS,28.56194122,-80.57735736,Falcon 9 Block 5,Starlink Group 6-110,S,"Space Launch Complex 40 / Cape Canaveral SFS, FL, USA"
2026 FEB 22 0347,CCSFS,28.56194122,-80.57735736,Falcon 9 Block 5,Starlink Group 6-104,S,"Space Launch Complex 40 / Cape Canaveral SFS, FL, USA"
2026 FEB 21 0904,VSFB,34.632,-120.611,Falcon 9 Block 5,Starlink Group 17-25,S,"Space Launch Complex 4E / Vandenberg SFB, CA, USA"
2026 FEB 20 0141,CCSFS,28.56194122,-80.57735736,Falcon 9 Block 5,Starlink Group 10-36,S,"Space Launch Complex 40 / Cape Canaveral SFS, FL, USA"
2026 FEB 16 0759,CCSFS,28.56194122,-80.57735736,Falcon 9 Block 5,Starlink Group 6-103,S,"Space Launch Complex 40 / Cape Canaveral SFS, FL, USA"
2026 FEB 15 0159,VSFB,34.632,-120.611,Falcon 9 Block 5,Starlink Group 17-13,S,"Space Launch Complex 4E / Vandenberg SFB, CA, USA"
2026 FEB 13 1015,CCSFS,28.56194122,-80.57735736,Falcon 9 Block 5,Crew-12,S,"Space Launch Complex 40 / Cape Canaveral SFS, FL, USA"
2026 FEB 12 1645,CSG,5.256319,-52.786838,Ariane 64,Amazon Leo (LE-01),S,"Ariane Launch Area 4 / Guiana Space Centre, French Guiana"
2026 FEB 12 0922,CCSFS,28.58341025,-80.58303644,Vulcan VC4S,USSF-87,S,"Space Launch Complex 41 / Cape Canaveral SFS, FL, USA"
2026 FEB 12 0852,Baikonur,46.071001,62.984999,Proton-M Blok DM-03,Proton-M/Blok DM-03 | Elektro-L No.5,S,"81/24 (81P) / Baikonur Cosmodrome, Republic of Kazakhstan"
2026 FEB 12 0637,YSLA,21.366667,112.116667,Smart Dragon 3,PRSC-EO2 & 6 satellites,S,South China Sea (launch location 3) / Haiyang Oriental Spaceport
2026 FEB 11 1711,VSFB,34.632,-120.611,Falcon 9 Block 5,Starlink Group 17-34,S,"Space Launch Complex 4E / Vandenberg SFB, CA, USA"
2026 FEB 07 2058,VSFB,34.632,-120.611,Falcon 9 Block 5,Starlink Group 17-33,S,"Space Launch Complex 4E / Vandenberg SFB, CA, USA"
2026 FEB 07 0358,JSLC,40.957893,100.290944,Long March 2F/G,Chinese Reusable Space Vehicle,S,"Launch Area 91 (SLS-1 / 921) / Jiuquan Satellite Launch Center, People's Republic of China"
2026 FEB 05 1859,Plesetsk,62.92883,40.457098,Soyuz 2.1b Fregat-M,Soyuz 2.1b/Fregat-M | Kosmos 2600-2608,S,"43/4 (43R) / Plesetsk Cosmodrome, Russian Federation"
2026 FEB 02 1547,VSFB,34.632,-120.611,Falcon 9 Block 5,Starlink Group 17-32,S,"Space Launch Complex 4E / Vandenberg SFB, CA, USA"
2026 JAN 31 0401,JSLC,40.960482,100.298059,Long March 2C,AlSat 3B,S,"Launch Area 94 (SLS-2 / 603) / Jiuquan Satellite Launch Center, People's Republic of China"
2026 JAN 30 0722,CCSFS,28.56194122,-80.57735736,Falcon 9 Block 5,Starlink Group 6-101,S,"Space Launch Complex 40 / Cape Canaveral SFS, FL, USA"
2026 JAN 30 0121,LC-1,-39.262833,177.864469,Electron,Bridging The Swarm (NeonSat-1A),S,"Rocket Lab Launch Complex 1A / Rocket Lab Launch Complex 1, Mahia Peninsula, New Zealand"
2026 JAN 29 1753,VSFB,34.632,-120.611,Falcon 9 Block 5,Starlink Group 17-19,S,"Space Launch Complex 4E / Vandenberg SFB, CA, USA"
2026 JAN 28 0453,CCSFS,28.56194122,-80.57735736,Falcon 9 Block 5,GPS III SV09,S,"Space Launch Complex 40 / Cape Canaveral SFS, FL, USA"
2026 JAN 25 1730,VSFB,34.632,-120.611,Falcon 9 Block 5,Starlink Group 17-20,S,"Space Launch Complex 4E / Vandenberg SFB, CA, USA"
2026 JAN 22 1625,SA,31.422878,-104.757121,New Shepard,NS-38,S,"West Texas Suborbital Launch Site/ Corn Ranch / Corn Ranch, Van Horn, TX, USA"
2026 JAN 22 1052,LC-1,-39.262833,177.864469,Electron,The Cosmos Will See You Now (Open Cosmos Constellation Launch 1),S,"Rocket Lab Launch Complex 1A / Rocket Lab Launch Complex 1, Mahia Peninsula, New Zealand"
2026 JAN 22 0547,VSFB,34.632,-120.611,Falcon 9 Block 5,Starlink Group 17-30,S,"Space Launch Complex 4E / Vandenberg SFB, CA, USA"
2026 JAN 19 0748,WSLC,19.59755,110.936481,Long March 12,SatNet LEO Group 19,S,"Commercial LC-2 / Wenchang Space Launch Site, People's Republic of China"
2026 JAN 18 2331,CCSFS,28.56194122,-80.57735736,Falcon 9 Block 5,Starlink Group 6-100,S,"Space Launch Complex 40 / Cape Canaveral SFS, FL, USA"
2026 JAN 17 0439,VSFB,34.632,-120.611,Falcon 9 Block 5,NROL-105,S,"Space Launch Complex 4E / Vandenberg SFB, CA, USA"
2026 JAN 17 0408,JSLC,40.969117,100.343333,Ceres-2,Demo Flight,F,"Launch Area 95A / Jiuquan Satellite Launch Center, People's Republic of China"
2026 JAN 16 1655,XSLC,28.245504,102.026768,Long March 3B/E,Shijian 32,F,"Launch Complex 2 (LC-2) / Xichang Satellite Launch Center, People's Republic of China"
2026 JAN 15 2010,YSLA,35.391667,119.598667,Ceres-1S,Tianqi 37-40,S,Rizhao offshore launch location / Haiyang Oriental Spaceport
2026 JAN 15 0401,JSLC,40.960482,100.298059,Long March 2C,AlSat 3A,S,"Launch Area 94 (SLS-2 / 603) / Jiuquan Satellite Launch Center, People's Republic of China"
2026 JAN 14 1808,CCSFS,28.56194122,-80.57735736,Falcon 9 Block 5,Starlink Group 6-98,S,"Space Launch Complex 40 / Cape Canaveral SFS, FL, USA"
2026 JAN 13 1525,WSLC,19.597275,110.930753,Long March 8A,SatNet LEO Group 18,S,"Commercial LC-1 / Wenchang Space Launch Site, People's Republic of China"
2026 JAN 13 1416,TSLC,38.8583,111.5802,Long March 6A,Yaogan 50-01,S,"Launch Complex 9A / Taiyuan Satellite Launch Center, People's Republic of China"
2026 JAN 12 2108,CCSFS,28.56194122,-80.57735736,Falcon 9 Block 5,Starlink Group 6-97,S,"Space Launch Complex 40 / Cape Canaveral SFS, FL, USA"
2026 JAN 12 0448,SDSC,13.733,80.235,PSLV-DL,EOS-N1 and others,F,"Satish Dhawan Space Centre First Launch Pad / Satish Dhawan Space Centre, India"
2026 JAN 11 1344,VSFB,34.632,-120.611,Falcon 9 Block 5,Pandora / Twilight rideshare mission,S,"Space Launch Complex 4E / Vandenberg SFB, CA, USA"
2026 JAN 09 2141,CCSFS,28.56194122,-80.57735736,Falcon 9 Block 5,Starlink Group 6-96,S,"Space Launch Complex 40 / Cape Canaveral SFS, FL, USA"
2026 JAN 04 0648,CCSFS,28.56194122,-80.57735736,Falcon 9 Block 5,Starlink Group 6-88,S,"Space Launch Complex 40 / Cape Canaveral SFS, FL, USA"
2026 JAN 03 0209,VSFB,34.632,-120.611,Falcon 9 Block 5,CSG-3,S,"Space Launch Complex 4E / Vandenberg SFB, CA, USA"
2025 DEC 30 2240,WSLC,19.618452,110.955356,Long March 7A,Shijian 29 A-B,S,"201 / Wenchang Space Launch Site, People's Republic of China"
2025 DEC 30 0412,JSLC,40.960482,100.298059,Long March 4B,Tianhui 7,S,"Launch Area 94 (SLS-2 / 603) / Jiuquan Satellite Launch Center, People's Republic of China"
2025 DEC 28 1318,Vostochny,51.884395,128.333932,Soyuz 2.1b Fregat-M,Soyuz 2.1b/Fregat-M | AIST-2T 01 & 02,S,"Cosmodrome Site 1S / Vostochny Cosmodrome, Siberia, Russian Federation"
2025 DEC 26 1607,XSLC,28.245504,102.026768,Long March 3B/E,Fengyun-4C,S,"Launch Complex 2 (LC-2) / Xichang Satellite Launch Center, People's Republic of China"
2025 DEC 25 2326,WSLC,19.597275,110.930753,Long March 8A,SatNet LEO Group 17,S,"Commercial LC-1 / Wenchang Space Launch Site, People's Republic of China"
2025 DEC 25 1411,Plesetsk,62.92883,40.457098,Soyuz 2.1a,Obzor-R No.1,S,"43/4 (43R) / Plesetsk Cosmodrome, Russian Federation"
2025 DEC 24 0325,SDSC,13.7199,80.2304,Launch Vehicle Mark-3 (GSLV Mk III),LVM-3 | BlueBird Block 2 #1,S,"Satish Dhawan Space Centre Second Launch Pad / Satish Dhawan Space Centre, India"
2025 DEC 23 0200,JSLC,40.891596,100.217289,Long March 12A,Demo Flight,S,"Long March 12 series Pad / Jiuquan Satellite Launch Center, People's Republic of China"
2025 DEC 23 0113,CLA,-2.31698,-44.36873,HANBIT-Nano,Spaceward,F,"HANBIT Pad / Alcântara Space Center, Federative Republic of Brazil"
2025 DEC 22 0151,TNSC,30.400938,130.97564,H3-22,Michibiki 5 (QZS-5),F,"Yoshinobu Launch Complex LP-2 / Tanegashima Space Center, Japan"
2025 DEC 21 0636,LC-1,-39.262833,177.864469,Electron,The Wisdom God Guides (iQPS Launch 6),S,"Rocket Lab Launch Complex 1B / Rocket Lab Launch Complex 1, Mahia Peninsula, New Zealand"
2025 DEC 20 1415,SA,31.422878,-104.757121,New Shepard,NS-37,S,"West Texas Suborbital Launch Site/ Corn Ranch / Corn Ranch, Van Horn, TX, USA"
2025 DEC 20 1230,WSLC,19.614334,110.951011,Long March 5,TJSW-23,S,"101 / Wenchang Space Launch Site, People's Republic of China"
2025 DEC 18 0503,WFF,37.833262,-75.488235,Electron,Don't Be Such A Square (STP-S30),S,"Rocket Lab Launch Complex 2 (Launch Area 0 C) / Wallops Flight Facility, Virginia, USA"
2025 DEC 17 1527,VSFB,34.632,-120.611,Falcon 9 Block 5,Starlink Group 15-13,S,"Space Launch Complex 4E / Vandenberg SFB, CA, USA"
2025 DEC 17 1342,KSC,28.60822681,-80.60428186,Falcon 9 Block 5,Starlink Group 6-99,S,"Launch Complex 39A / Kennedy Space Center, FL, USA"
2025 DEC 17 0501,CSG,5.256319,-52.786838,Ariane 62,Galileo L14 (FOC FM33 & FM34),S,"Ariane Launch Area 4 / Guiana Space Centre, French Guiana"
2025 DEC 16 0828,CCSFS,28.58341025,-80.58303644,Atlas V 551,Amazon Leo (LA-04),S,"Space Launch Complex 41 / Cape Canaveral SFS, FL, USA"
2025 DEC 16 0317,TSLC,38.863128,111.589567,Long March 4B,Ziyuan-3-04,S,"Launch Complex 9 / Taiyuan Satellite Launch Center, People's Republic of China"
2025 DEC 15 0525,CCSFS,28.56194122,-80.57735736,Falcon 9 Block 5,Starlink Group 6-82,S,"Space Launch Complex 40 / Cape Canaveral SFS, FL, USA"
2025 DEC 14 0549,VSFB,34.632,-120.611,Falcon 9 Block 5,Starlink Group 15-12,S,"Space Launch Complex 4E / Vandenberg SFB, CA, USA"
2025 DEC 14 0309,LC-1,-39.262833,177.864469,Electron,Raise and Shine (RAISE-4),S,"Rocket Lab Launch Complex 1B / Rocket Lab Launch Complex 1, Mahia Peninsula, New Zealand"
2025 DEC 13 0108,JSLC,40.969117,100.343333,Kuaizhou 11,DEAR-5,S,"Launch Area 95A / Jiuquan Satellite Launch Center, People's Republic of China"
2025 DEC 11 2300,WSLC,19.59755,110.936481,Long March 12,SatNet LEO Group 16,S,"Commercial LC-2 / Wenchang Space Launch Site, People's Republic of China"
2025 DEC 11 2201,CCSFS,28.56194122,-80.57735736,Falcon 9 Block 5,Starlink Group 6-90,S,"Space Launch Complex 40 / Cape Canaveral SFS, FL, USA"
2025 DEC 10 1140,VSFB,34.632,-120.611,Falcon 9 Block 5,Starlink Group 15-11,S,"Space Launch Complex 4E / Vandenberg SFB, CA, USA"
2025 DEC 10 0403,JSLC,40.8182,100.22514,Kinetica 1,9 satellites,S,"Launch Area 130 / Jiuquan Satellite Launch Center, People's Republic of China"
2025 DEC 09 1916,CCSFS,28.56194122,-80.57735736,Falcon 9 Block 5,NROL-77,S,"Space Launch Complex 40 / Cape Canaveral SFS, FL, USA"
2025 DEC 09 1508,XSLC,28.247059,102.029008,Long March 3B/E,TJSW-22,S,"Launch Complex 3 (LC-3/LA-1) / Xichang Satellite Launch Center, People's Republic of China"
2025 DEC 09 0341,JSLC,40.960482,100.298059,Long March 4B,Yaogan 47,S,"Launch Area 94 (SLS-2 / 603) / Jiuquan Satellite Launch Center, People's Republic of China"
2025 DEC 08 2226,KSC,28.60822681,-80.60428186,Falcon 9 Block 5,Starlink Group 6-92,S,"Launch Complex 39A / Kennedy Space Center, FL, USA"
2025 DEC 08 2211,TSLC,38.8583,111.5802,Long March 6A,SatNet LEO Group 15,S,"Launch Complex 9A / Taiyuan Satellite Launch Center, People's Republic of China"
2025 DEC 07 1758,VSFB,34.632,-120.611,Falcon 9 Block 5,Starlink Group 11-15,S,"Space Launch Complex 4E / Vandenberg SFB, CA, USA"
2025 DEC 06 0753,WSLC,19.597275,110.930753,Long March 8A,SatNet LEO Group 14,S,"Commercial LC-1 / Wenchang Space Launch Site, People's Republic of China"
2025 DEC 05 0900,JSLC,40.969117,100.343333,Kuaizhou 1A,Traffic VDES A & B,S,"Launch Area 95A / Jiuquan Satellite Launch Center, People's Republic of China"
2025 DEC 04 2042,VSFB,34.632,-120.611,Falcon 9 Block 5,Starlink Group 11-25,S,"Space Launch Complex 4E / Vandenberg SFB, CA, USA"
2025 DEC 03 0400,JSLC,40.92017,100.25129,Zhuque-3,Demo Flight,S,"Launch Area 96B / Jiuquan Satellite Launch Center, People's Republic of China"
2025 DEC 02 2218,CCSFS,28.56194122,-80.57735736,Falcon 9 Block 5,Starlink Group 6-95,S,"Space Launch Complex 40 / Cape Canaveral SFS, FL, USA"
2025 DEC 02 0528,VSFB,34.632,-120.611,Falcon 9 Block 5,Starlink Group 15-10,S,"Space Launch Complex 4E / Vandenberg SFB, CA, USA"
2025 DEC 01 1721,CSG,5.236,-52.775,Vega-C,KOMPSAT-7,S,"Ariane Launch Area 1 (ELV) / Guiana Space Centre, French Guiana"
2025 DEC 01 0744,KSC,28.60822681,-80.60428186,Falcon 9 Block 5,Starlink Group 6-86,S,"Launch Complex 39A / Kennedy Space Center, FL, USA"
2025 NOV 30 1220,WSLC,19.618452,110.955356,Long March 7A,Shijian 28,S,"201 / Wenchang Space Launch Site, People's Republic of China"
2025 NOV 28 1844,VSFB,34.632,-120.611,Falcon 9 Block 5,Transporter 15 (Dedicated SSO Rideshare),S,"Space Launch Complex 4E / Vandenberg SFB, CA, USA"
2025 NOV 27 0927,Baikonur,45.996034,63.564003,Soyuz 2.1a,Soyuz MS-28,S,"31/6 / Baikonur Cosmodrome, Republic of Kazakhstan"
2025 NOV 26 1613,Naro,34.431867,127.535069,KSLV-2 Nuri,Nuri | CAS500-3,S,"LC-2 / Naro Space Center, South Korea"
2025 NOV 25 1342,Plesetsk,62.927319,40.574897,Angara 1.2,"3 x Rodnik (Kosmos 2597, 2598, 2599)",S,"35/1 / Plesetsk Cosmodrome, Russian Federation"
2025 NOV 25 0411,JSLC,40.957893,100.290944,Long March 2F/G,Shenzhou 22,S,"Launch Area 91 (SLS-1 / 921) / Jiuquan Satellite Launch Center, People's Republic of China"
2025 NOV 23 0848,VSFB,34.632,-120.611,Falcon 9 Block 5,Starlink Group 11-30,S,"Space Launch Complex 4E / Vandenberg SFB, CA, USA"
2025 NOV 22 0753,CCSFS,28.56194122,-80.57735736,Falcon 9 Block 5,Starlink Group 6-79,S,"Space Launch Complex 40 / Cape Canaveral SFS, FL, USA"
2025 NOV 21 1055,XSLC,28.245504,102.026768,Long March 3B/E,TJSW-21,S,"Launch Complex 2 (LC-2) / Xichang Satellite Launch Center, People's Republic of China"
2025 NOV 21 0339,KSC,28.60822681,-80.60428186,Falcon 9 Block 5,Starlink Group 6-78,S,"Launch Complex 39A / Kennedy Space Center, FL, USA"
2025 NOV 20 1243,LC-1,-39.262833,177.864469,Electron,Follow My Speed (BlackSky Gen-3 3),S,"Rocket Lab Launch Complex 1A / Rocket Lab Launch Complex 1, Mahia Peninsula, New Zealand"
2025 NOV 19 0401,JSLC,40.960482,100.298059,Long March 2C,Shijian 30 A-C,S,"Launch Area 94 (SLS-2 / 603) / Jiuquan Satellite Launch Center, People's Republic of China"
2025 NOV 19 0012,CCSFS,28.56194122,-80.57735736,Falcon 9 Block 5,Starlink Group 6-94,S,"Space Launch Complex 40 / Cape Canaveral SFS, FL, USA"
2025 NOV 18 1300,WFF,37.833262,-75.488235,Electron,HASTE | Prometheus Run (VAN),S,"Rocket Lab Launch Complex 2 (Launch Area 0 C) / Wallops Flight Facility, Virginia, USA"
2025 NOV 17 0521,VSFB,34.632,-120.611,Falcon 9 Block 5,Sentinel-6B,S,"Space Launch Complex 4E / Vandenberg SFB, CA, USA"
2025 NOV 15 0644,CCSFS,28.56194122,-80.57735736,Falcon 9 Block 5,Starlink Group 6-85,S,"Space Launch Complex 40 / Cape Canaveral SFS, FL, USA"
2025 NOV 15 0308,KSC,28.60822681,-80.60428186,Falcon 9 Block 5,Starlink Group 6-89,S,"Launch Complex 39A / Kennedy Space Center, FL, USA"
2025 NOV 14 0304,CCSFS,28.58341025,-80.58303644,Atlas V 551,ViaSat-3 F2 (ViaSat-3 EMEA),S,"Space Launch Complex 41 / Cape Canaveral SFS, FL, USA"
2025 NOV 13 2055,CCSFS,28.4705556,-80.542194,New Glenn,EscaPADE,S,"Launch Complex 36A / Cape Canaveral SFS, FL, USA"
2025 NOV 11 0321,CCSFS,28.56194122,-80.57735736,Falcon 9 Block 5,Starlink Group 6-87,S,"Space Launch Complex 40 / Cape Canaveral SFS, FL, USA"
2025 NOV 10 0402,JSLC,40.969117,100.343333,Ceres-1,Jilin-1 High Resolution-04C and others,F,"Launch Area 95A / Jiuquan Satellite Launch Center, People's Republic of China"
2025 NOV 10 0241,WSLC,19.59755,110.936481,Long March 12,SatNet LEO Group 13,S,"Commercial LC-2 / Wenchang Space Launch Site, People's Republic of China"
2025 NOV 09 0810,KSC,28.60822681,-80.60428186,Falcon 9 Block 5,Starlink Group 10-51,S,"Launch Complex 39A / Kennedy Space Center, FL, USA"
2025 NOV 09 0332,JSLC,40.8182,100.22514,Kinetica 1,Chutian-2 01 & 02,S,"Launch Area 130 / Jiuquan Satellite Launch Center, People's Republic of China"
2025 NOV 08 2101,YSLA,36.631333,121.198361,Long March 11,Shiyan 32 01-03,S,Haiyang offshore launch location / Haiyang Oriental Spaceport
2025 NOV 06 2113,VSFB,34.632,-120.611,Falcon 9 Block 5,Starlink Group 11-14,S,"Space Launch Complex 4E / Vandenberg SFB, CA, USA"
2025 NOV 06 0131,CCSFS,28.56194122,-80.57735736,Falcon 9 Block 5,Starlink Group 6-81,S,"Space Launch Complex 40 / Cape Canaveral SFS, FL, USA"
2025 NOV 05 1951,LC-1,-39.262833,177.864469,Electron,The Nation God Navigates (iQPS Launch 5),S,"Rocket Lab Launch Complex 1B / Rocket Lab Launch Complex 1, Mahia Peninsula, New Zealand"
2025 NOV 04 2102,CSG,5.256319,-52.786838,Ariane 62,Sentinel-1D,S,"Ariane Launch Area 4 / Guiana Space Centre, French Guiana"
2025 NOV 03 0347,WSLC,19.618452,110.955356,Long March 7A,Yaogan 46,S,"201 / Wenchang Space Launch Site, People's Republic of China"
2025 NOV 02 1156,SDSC,13.7199,80.2304,Launch Vehicle Mark-3 (GSLV Mk III),LVM-3 | CMS-03 (GSAT-7R),S,"Satish Dhawan Space Centre Second Launch Pad / Satish Dhawan Space Centre, India"
2025 NOV 02 0509,CCSFS,28.56194122,-80.57735736,Falcon 9 Block 5,Bandwagon 4 (Dedicated Mid-Inclination Rideshare),S,"Space Launch Complex 40 / Cape Canaveral SFS, FL, USA"
2025 OCT 31 2041,VSFB,34.632,-120.611,Falcon 9 Block 5,Starlink Group 11-23,S,"Space Launch Complex 4E / Vandenberg SFB, CA, USA"
2025 OCT 31 1544,JSLC,40.957893,100.290944,Long March 2F/G,Shenzhou 21,S,"Launch Area 91 (SLS-1 / 921) / Jiuquan Satellite Launch Center, People's Republic of China"
2025 OCT 29 1635,CCSFS,28.56194122,-80.57735736,Falcon 9 Block 5,Starlink Group 10-37,S,"Space Launch Complex 40 / Cape Canaveral SFS, FL, USA"
2025 OCT 28 0043,VSFB,34.632,-120.611,Falcon 9 Block 5,Starlink Group 11-21,S,"Space Launch Complex 4E / Vandenberg SFB, CA, USA"
2025 OCT 26 1500,CCSFS,28.56194122,-80.57735736,Falcon 9 Block 5,Starlink Group 10-21,S,"Space Launch Complex 40 / Cape Canaveral SFS, FL, USA"
2025 OCT 26 0355,XSLC,28.247059,102.029008,Long March 3B/E,Gaofen-14 02,S,"Launch Complex 3 (LC-3/LA-1) / Xichang Satellite Launch Center, People's Republic of China"
2025 OCT 26 0000,TNSC,30.400938,130.97564,H3-24,HTV-X1,S,"Yoshinobu Launch Complex LP-2 / Tanegashima Space Center, Japan"
2025 OCT 25 1420,VSFB,34.632,-120.611,Falcon 9 Block 5,Starlink Group 11-12,S,"Space Launch Complex 4E / Vandenberg SFB, CA, USA"
2025 OCT 24 0130,CCSFS,28.56194122,-80.57735736,Falcon 9 Block 5,SpainSat NG II,S,"Space Launch Complex 40 / Cape Canaveral SFS, FL, USA"
2025 OCT 23 1430,WSLC,19.614334,110.951011,Long March 5,TJSW-20,S,"101 / Wenchang Space Launch Site, People's Republic of China"
2025 OCT 22 1416,VSFB,34.632,-120.611,Falcon 9 Block 5,Starlink Group 11-5,S,"Space Launch Complex 4E / Vandenberg SFB, CA, USA"
2025 OCT 19 1924,VSFB,34.632,-120.611,Falcon 9 Block 5,Starlink Group 11-19,S,"Space Launch Complex 4E / Vandenberg SFB, CA, USA"
2025 OCT 19 1739,CCSFS,28.56194122,-80.57735736,Falcon 9 Block 5,Starlink Group 10-17,S,"Space Launch Complex 40 / Cape Canaveral SFS, FL, USA"
2025 OCT 19 0333,JSLC,40.8182,100.22514,Kinetica 1,PRSC-HS1 & AIRSAT-03/04,S,"Launch Area 130 / Jiuquan Satellite Launch Center, People's Republic of China"
2025 OCT 17 0708,TSLC,38.8583,111.5802,Long March 6A,SpaceSail Polar Group #6,S,"Launch Complex 9A / Taiyuan Satellite Launch Center, People's Republic of China"
2025 OCT 16 0927,CCSFS,28.56194122,-80.57735736,Falcon 9 Block 5,Starlink Group 10-52,S,"Space Launch Complex 40 / Cape Canaveral SFS, FL, USA"
2025 OCT 16 0133,WSLC,19.597275,110.930753,Long March 8A,SatNet LEO Group 12,S,"Commercial LC-1 / Wenchang Space Launch Site, People's Republic of China"
2025 OCT 15 2306,VSFB,34.632,-120.611,Falcon 9 Block 5,SDA Tranche 1 Transport Layer C,S,"Space Launch Complex 4E / Vandenberg SFB, CA, USA"
2025 OCT 14 1633,LC-1,-39.262833,177.864469,Electron,Owl New World (StriX Launch 7),S,"Rocket Lab Launch Complex 1A / Rocket Lab Launch Complex 1, Mahia Peninsula, New Zealand"
2025 OCT 14 0158,CCSFS,28.56194122,-80.57735736,Falcon 9 Block 5,Amazon Leo (KF-03),S,"Space Launch Complex 40 / Cape Canaveral SFS, FL, USA"
2025 OCT 13 2323,Starbase,25.9962,-97.154423,Starship V2,Starship | Flight 11,S,"Orbital Launch Pad 1 / SpaceX Starbase, TX, USA"
2025 OCT 13 1000,JSLC,40.960482,100.298059,Long March 2D,Shiyan 31,S,"Launch Area 94 (SLS-2 / 603) / Jiuquan Satellite Launch Center, People's Republic of China"
2025 OCT 11 0220,YSLA,36.631333,121.198361,Gravity-1,3 satellites,S,Haiyang offshore launch location / Haiyang Oriental Spaceport
2025 OCT 08 1340,SA,31.422878,-104.757121,New Shepard,NS-36,S,"West Texas Suborbital Launch Site/ Corn Ranch / Corn Ranch, Van Horn, TX, USA"
2025 OCT 08 0354,VSFB,34.632,-120.611,Falcon 9 Block 5,Starlink Group 11-17,S,"Space Launch Complex 4E / Vandenberg SFB, CA, USA"
2025 OCT 07 0646,CCSFS,28.56194122,-80.57735736,Falcon 9 Block 5,Starlink Group 10-59,S,"Space Launch Complex 40 / Cape Canaveral SFS, FL, USA"
2025 OCT 03 1406,VSFB,34.632,-120.611,Falcon 9 Block 5,Starlink Group 11-39,S,"Space Launch Complex 4E / Vandenberg SFB, CA, USA"
2025 OCT 01 0028,WFF,37.833262,-75.488235,Electron,HASTE | JUSTIN,S,"Rocket Lab Launch Complex 2 (Launch Area 0 C) / Wallops Flight Facility, Virginia, USA"
2025 SEP 29 0300,XSLC,28.247059,102.029008,Long March 2D,Shiyan 30 01-02,S,"Launch Complex 3 (LC-3/LA-1) / Xichang Satellite Launch Center, People's Republic of China"
2025 SEP 29 0204,VSFB,34.632,-120.611,Falcon 9 Block 5,Starlink Group 11-20,S,"Space Launch Complex 4E / Vandenberg SFB, CA, USA"
2025 SEP 27 1240,TSLC,38.8583,111.5802,Long March 6A,SatNet LEO Group 11,S,"Launch Complex 9A / Taiyuan Satellite Launch Center, People's Republic of China"
2025 SEP 26 1928,JSLC,40.960482,100.298059,Long March 4C,Fengyun-3H,S,"Launch Area 94 (SLS-2 / 603) / Jiuquan Satellite Launch Center, People's Republic of China"
2025 SEP 26 0426,VSFB,34.632,-120.611,Falcon 9 Block 5,Starlink Group 17-11,S,"Space Launch Complex 4E / Vandenberg SFB, CA, USA"
2025 SEP 25 1209,CCSFS,28.58341025,-80.58303644,Atlas V 551,Amazon Leo (KA-03),S,"Space Launch Complex 41 / Cape Canaveral SFS, FL, USA"
2025 SEP 25 0839,CCSFS,28.56194122,-80.57735736,Falcon 9 Block 5,Starlink Group 10-15,S,"Space Launch Complex 40 / Cape Canaveral SFS, FL, USA"
2025 SEP 24 1130,KSC,28.60822681,-80.60428186,Falcon 9 Block 5,IMAP & others,S,"Launch Complex 39A / Kennedy Space Center, FL, USA"
2025 SEP 24 0756,YSLA,35.391667,119.598667,Smart Dragon 3,Geely Constellation Group 06,S,Rizhao offshore launch location / Haiyang Oriental Spaceport
2025 SEP 23 0000,WFF,37.833262,-75.488235,Electron,HASTE | JENNA,S,"Rocket Lab Launch Complex 2 (Launch Area 0 C) / Wallops Flight Facility, Virginia, USA"
2025 SEP 22 1738,VSFB,34.632,-120.611,Falcon 9 Block 5,NROL-48,S,"Space Launch Complex 4E / Vandenberg SFB, CA, USA"
2025 SEP 21 1053,CCSFS,28.56194122,-80.57735736,Falcon 9 Block 5,Starlink Group 10-27,S,"Space Launch Complex 40 / Cape Canaveral SFS, FL, USA"
2025 SEP 19 1631,VSFB,34.632,-120.611,Falcon 9 Block 5,Starlink Group 17-12,S,"Space Launch Complex 4E / Vandenberg SFB, CA, USA"
2025 SEP 18 1300,SA,31.422878,-104.757121,New Shepard,NS-35,S,"West Texas Suborbital Launch Site/ Corn Ranch / Corn Ranch, Van Horn, TX, USA"
2025 SEP 18 0930,CCSFS,28.56194122,-80.57735736,Falcon 9 Block 5,Starlink Group 10-61,S,"Space Launch Complex 40 / Cape Canaveral SFS, FL, USA"
2025 SEP 16 0106,JSLC,40.960482,100.298059,Long March 2C/YZ-1S,4 x SatNet test satellites,S,"Launch Area 94 (SLS-2 / 603) / Jiuquan Satellite Launch Center, People's Republic of China"
2025 SEP 14 2211,CCSFS,28.56194122,-80.57735736,Falcon 9 Block 5,Cygnus CRS-2 NG-23 (S.S. William “Willie” C. McCool),S,"Space Launch Complex 40 / Cape Canaveral SFS, FL, USA"
2025 SEP 13 1755,VSFB,34.632,-120.611,Falcon 9 Block 5,Starlink Group 17-10,S,"Space Launch Complex 4E / Vandenberg SFB, CA, USA"
2025 SEP 13 0210,Plesetsk,62.9273,40.45,Soyuz 2.1b Fregat,Soyuz 2.1b/Fregat | Glonass-K1 No. 18 (Kosmos 2595) & Kosmos 2596,S,"43/3 (43L) / Plesetsk Cosmodrome, Russian Federation"
2025 SEP 12 0156,CCSFS,28.56194122,-80.57735736,Falcon 9 Block 5,Nusantara Lima,S,"Space Launch Complex 40 / Cape Canaveral SFS, FL, USA"
2025 SEP 11 1554,Baikonur,45.996034,63.564003,Soyuz 2.1a,Progress MS-32 (93P),S,"31/6 / Baikonur Cosmodrome, Republic of Kazakhstan"
2025 SEP 10 1412,VSFB,34.632,-120.611,Falcon 9 Block 5,SDA Tranche 1 Transport Layer B,S,"Space Launch Complex 4E / Vandenberg SFB, CA, USA"
2025 SEP 09 0200,WSLC,19.618452,110.955356,Long March 7A,Yaogan 45,S,"201 / Wenchang Space Launch Site, People's Republic of China"
2025 SEP 08 1948,YSLA,35.391667,119.598667,Smart Dragon 3,Geely Constellation Group 05,S,Rizhao offshore launch location / Haiyang Oriental Spaceport
2025 SEP 06 1806,VSFB,34.632,-120.611,Falcon 9 Block 5,Starlink Group 17-9,S,"Space Launch Complex 4E / Vandenberg SFB, CA, USA"
2025 SEP 06 1634,TSLC,38.8583,111.5802,Long March 6A,Yaogan 40 Group 03,S,"Launch Complex 9A / Taiyuan Satellite Launch Center, People's Republic of China"
2025 SEP 05 1232,KSC,28.60822681,-80.60428186,Falcon 9 Block 5,Starlink Group 10-57,S,"Launch Complex 39A / Kennedy Space Center, FL, USA"
2025 SEP 05 1139,JSLC,40.969117,100.343333,Ceres-1,3 satellites,S,"Launch Area 95A / Jiuquan Satellite Launch Center, People's Republic of China"
2025 SEP 05 0234,XSLC,28.245504,102.026768,Long March 3C/YZ-1,Shiyan 29,S,"Launch Complex 2 (LC-2) / Xichang Satellite Launch Center, People's Republic of China"
2025 SEP 03 1156,CCSFS,28.56194122,-80.57735736,Falcon 9 Block 5,Starlink Group 10-22,S,"Space Launch Complex 40 / Cape Canaveral SFS, FL, USA"
2025 SEP 03 0351,VSFB,34.632,-120.611,Falcon 9 Block 5,Starlink Group 17-8,S,"Space Launch Complex 4E / Vandenberg SFB, CA, USA"
2025 SEP 02 1930,Palmachim,31.884444,34.680278,Shavit-2,Ofek-19,S,"Shavit Launch Pad / Palmachim Airbase, State of Israel"
2025 AUG 31 1149,CCSFS,28.56194122,-80.57735736,Falcon 9 Block 5,Starlink Group 10-14,S,"Space Launch Complex 40 / Cape Canaveral SFS, FL, USA"
2025 AUG 30 0459,VSFB,34.632,-120.611,Falcon 9 Block 5,Starlink Group 17-7,S,"Space Launch Complex 4E / Vandenberg SFB, CA, USA"
2025 AUG 28 0812,KSC,28.60822681,-80.60428186,Falcon 9 Block 5,Starlink Group 10-11,S,"Launch Complex 39A / Kennedy Space Center, FL, USA"
2025 AUG 27 1110,CCSFS,28.56194122,-80.57735736,Falcon 9 Block 5,Starlink Group 10-56,S,"Space Launch Complex 40 / Cape Canaveral SFS, FL, USA"
2025 AUG 26 2330,Starbase,25.9962,-97.154423,Starship V2,Starship | Flight 10,S,"Orbital Launch Pad 1 / SpaceX Starbase, TX, USA"
2025 AUG 26 1853,VSFB,34.632,-120.611,Falcon 9 Block 5,NAOS,S,"Space Launch Complex 4E / Vandenberg SFB, CA, USA"
2025 AUG 25 1908,WSLC,19.597275,110.930753,Long March 8A,SatNet LEO Group 10,S,"Commercial LC-1 / Wenchang Space Launch Site, People's Republic of China"
2025 AUG 24 0645,CCSFS,28.56194122,-80.57735736,Falcon 9 Block 5,Dragon CRS-2 SpX-33,S,"Space Launch Complex 40 / Cape Canaveral SFS, FL, USA"
2025 AUG 23 2242,LC-1,-39.262833,177.864469,Electron,"Live, Laugh, Launch (Calistus A-E)",S,"Rocket Lab Launch Complex 1A / Rocket Lab Launch Complex 1, Mahia Peninsula, New Zealand"
2025 AUG 22 1704,VSFB,34.632,-120.611,Falcon 9 Block 5,Starlink Group 17-6,S,"Space Launch Complex 4E / Vandenberg SFB, CA, USA"
2025 AUG 22 0350,KSC,28.60822681,-80.60428186,Falcon 9 Block 5,OTV-8 (X-37B) (USSF-36),S,"Launch Complex 39A / Kennedy Space Center, FL, USA"
2025 AUG 21 0932,Plesetsk,62.927319,40.574897,Angara 1.2,Kosmos 2591-2594,S,"35/1 / Plesetsk Cosmodrome, Russian Federation"
2025 AUG 20 1713,Baikonur,45.996034,63.564003,Soyuz 2.1b,Bion-M No. 2,S,"31/6 / Baikonur Cosmodrome, Republic of Kazakhstan"
2025 AUG 19 0733,JSLC,40.8182,100.22514,Kinetica 1,7 satellites,S,"Launch Area 130 / Jiuquan Satellite Launch Center, People's Republic of China"
2025 AUG 18 1626,VSFB,34.632,-120.611,Falcon 9 Block 5,Starlink Group 17-5,S,"Space Launch Complex 4E / Vandenberg SFB, CA, USA"
2025 AUG 17 1415,TSLC,38.8583,111.5802,Long March 6A,SatNet LEO Group 09,S,"Launch Complex 9A / Taiyuan Satellite Launch Center, People's Republic of China"
2025 AUG 17 0855,XSLC,28.247059,102.029008,Long March 4C,Shiyan 28 B-02,S,"Launch Complex 3 (LC-3/LA-1) / Xichang Satellite Launch Center, People's Republic of China"
2025 AUG 15 0117,JSLC,40.91491,100.245488,Zhuque-2E,4 x SatNet test satellites,F,"Launch Area 96A / Jiuquan Satellite Launch Center, People's Republic of China"
2025 AUG 14 1229,CCSFS,28.56194122,-80.57735736,Falcon 9 Block 5,Starlink Group 10-20,S,"Space Launch Complex 40 / Cape Canaveral SFS, FL, USA"
2025 AUG 14 0505,VSFB,34.632,-120.611,Falcon 9 Block 5,Starlink Group 17-4,S,"Space Launch Complex 4E / Vandenberg SFB, CA, USA"
2025 AUG 13 0643,WSLC,19.614334,110.951011,Long March 5B/YZ-2,SatNet LEO Group 08,S,"101 / Wenchang Space Launch Site, People's Republic of China"
2025 AUG 13 0056,CCSFS,28.58341025,-80.58303644,Vulcan VC4S,USSF-106,S,"Space Launch Complex 41 / Cape Canaveral SFS, FL, USA"
2025 AUG 13 0037,CSG,5.256319,-52.786838,Ariane 62,Metop-SG A1,S,"Ariane Launch Area 4 / Guiana Space Centre, French Guiana"
2025 AUG 11 1235,CCSFS,28.56194122,-80.57735736,Falcon 9 Block 5,Amazon Leo (KF-02),S,"Space Launch Complex 40 / Cape Canaveral SFS, FL, USA"
2025 AUG 08 1631,YSLA,35.391667,119.598667,Smart Dragon 3,Geely Constellation Group 04,S,Rizhao offshore launch location / Haiyang Oriental Spaceport
2025 AUG 05 0410,LC-1,-39.262833,177.864469,Electron,The Harvest Goddess Thrives (iQPS Launch 4),S,"Rocket Lab Launch Complex 1B / Rocket Lab Launch Complex 1, Mahia Peninsula, New Zealand"
2025 AUG 04 1021,WSLC,19.59755,110.936481,Long March 12,SatNet LEO Group 07,S,"Commercial LC-2 / Wenchang Space Launch Site, People's Republic of China"
2025 AUG 04 0757,CCSFS,28.56194122,-80.57735736,Falcon 9 Block 5,Starlink Group 10-30,S,"Space Launch Complex 40 / Cape Canaveral SFS, FL, USA"
2025 AUG 03 1242,SA,31.422878,-104.757121,New Shepard,NS-34,S,"West Texas Suborbital Launch Site/ Corn Ranch / Corn Ranch, Van Horn, TX, USA"
2025 AUG 01 1543,KSC,28.60822681,-80.60428186,Falcon 9 Block 5,Crew-11,S,"Launch Complex 39A / Kennedy Space Center, FL, USA"
2025 JUL 31 1835,VSFB,34.632,-120.611,Falcon 9 Block 5,Starlink Group 13-4,S,"Space Launch Complex 4E / Vandenberg SFB, CA, USA"
2025 JUL 31 0200,XSLC,28.242774,102.032944,Kuaizhou 1A,PRSC-S1,S,"Mobile Launcher Pad / Xichang Satellite Launch Center, People's Republic of China"
2025 JUL 30 1210,SDSC,13.7199,80.2304,GSLV Mk. II,GSLV Mk II | NISAR (NASA-ISRO Synthetic Aperture Radar),S,"Satish Dhawan Space Centre Second Launch Pad / Satish Dhawan Space Centre, India"
2025 JUL 30 0749,WSLC,19.597275,110.930753,Long March 8A,SatNet LEO Group 06,S,"Commercial LC-1 / Wenchang Space Launch Site, People's Republic of China"
2025 JUL 30 0337,CCSFS,28.56194122,-80.57735736,Falcon 9 Block 5,Starlink Group 10-29,S,"Space Launch Complex 40 / Cape Canaveral SFS, FL, USA"
2025 JUL 29 2235,,-19.958151,148.1129553,Eris Block 1,Eris-1 | Maiden Flight,F,Eris Pad / Bowen Orbital Spaceport
2025 JUL 29 0411,JSLC,40.969117,100.343333,Hyperbola-1,Kunpeng-03,S,"Launch Area 95A / Jiuquan Satellite Launch Center, People's Republic of China"
2025 JUL 27 1003,TSLC,38.8583,111.5802,Long March 6A,SatNet LEO Group 05,S,"Launch Complex 9A / Taiyuan Satellite Launch Center, People's Republic of China"
2025 JUL 27 0431,VSFB,34.632,-120.611,Falcon 9 Block 5,Starlink Group 17-2,S,"Space Launch Complex 4E / Vandenberg SFB, CA, USA"
2025 JUL 26 0901,CCSFS,28.56194122,-80.57735736,Falcon 9 Block 5,Starlink Group 10-26,S,"Space Launch Complex 40 / Cape Canaveral SFS, FL, USA"
2025 JUL 26 0203,CSG,5.236,-52.775,Vega-C,CO3D & MicroCarb,S,"Ariane Launch Area 1 (ELV) / Guiana Space Centre, French Guiana"
2025 JUL 25 0554,Vostochny,51.884395,128.333932,Soyuz 2.1b Fregat-M,Soyuz 2.1b/Fregat-M | Ionosfera-M 3 & 4,S,"Cosmodrome Site 1S / Vostochny Cosmodrome, Siberia, Russian Federation"
2025 JUL 23 1813,VSFB,34.632,-120.611,Falcon 9 Block 5,TRACERS,S,"Space Launch Complex 4E / Vandenberg SFB, CA, USA"
2025 JUL 22 2112,CCSFS,28.56194122,-80.57735736,Falcon 9 Block 5,O3b mPower 9-10,S,"Space Launch Complex 40 / Cape Canaveral SFS, FL, USA"
2025 JUL 19 0352,VSFB,34.632,-120.611,Falcon 9 Block 5,Starlink Group 17-3,S,"Space Launch Complex 4E / Vandenberg SFB, CA, USA"
2025 JUL 16 0630,CCSFS,28.56194122,-80.57735736,Falcon 9 Block 5,Amazon Leo (KF-01),S,"Space Launch Complex 40 / Cape Canaveral SFS, FL, USA"
2025 JUL 16 0205,VSFB,34.632,-120.611,Falcon 9 Block 5,Starlink Group 15-2,S,"Space Launch Complex 4E / Vandenberg SFB, CA, USA"
2025 JUL 14 2134,WSLC,19.618452,110.955356,Long March 7,Tianzhou-9,S,"201 / Wenchang Space Launch Site, People's Republic of China"
2025 JUL 13 0504,CCSFS,28.56194122,-80.57735736,Falcon 9 Block 5,Dror-1,S,"Space Launch Complex 40 / Cape Canaveral SFS, FL, USA"
2025 JUL 08 0821,CCSFS,28.56194122,-80.57735736,Falcon 9 Block 5,Starlink Group 10-28,S,"Space Launch Complex 40 / Cape Canaveral SFS, FL, USA"
2025 JUL 03 1932,Baikonur,45.996034,63.564003,Soyuz 2.1a,Progress MS-31 (92P),S,"31/6 / Baikonur Cosmodrome, Republic of Kazakhstan"
2025 JUL 03 0935,XSLC,28.247059,102.029008,Long March 4C,Shiyan 28 B-01,S,"Launch Complex 3 (LC-3/LA-1) / Xichang Satellite Launch Center, People's Republic of China"
2025 JUL 02 0628,CCSFS,28.56194122,-80.57735736,Falcon 9 Block 5,Starlink Group 10-25,S,"Space Launch Complex 40 / Cape Canaveral SFS, FL, USA"
2025 JUL 01 2104,KSC,28.60822681,-80.60428186,Falcon 9 Block 5,MTG-S1,S,"Launch Complex 39A / Kennedy Space Center, FL, USA"
2025 JUN 29 1439,SA,31.422878,-104.757121,New Shepard,NS-33,S,"West Texas Suborbital Launch Site/ Corn Ranch / Corn Ranch, Van Horn, TX, USA"
2025 JUN 28 1713,VSFB,34.632,-120.611,Falcon 9 Block 5,Starlink Group 15-7,S,"Space Launch Complex 4E / Vandenberg SFB, CA, USA"
2025 JUN 28 1633,TNSC,30.400813,130.977748,H-IIA 202,GOSAT-GW (Ibuki GW),S,"Yoshinobu Launch Complex LP-1 / Tanegashima Space Center, Japan"
2025 JUN 28 0708,LC-1,-39.262833,177.864469,Electron,Symphony In The Stars (EchoStar Lyra-4),S,"Rocket Lab Launch Complex 1B / Rocket Lab Launch Complex 1, Mahia Peninsula, New Zealand"
2025 JUN 28 0426,CCSFS,28.56194122,-80.57735736,Falcon 9 Block 5,Starlink Group 10-34,S,"Space Launch Complex 40 / Cape Canaveral SFS, FL, USA"
2025 JUN 26 1728,LC-1,-39.262833,177.864469,Electron,Get The Hawk Outta Here (4x HawkEye 360),S,"Rocket Lab Launch Complex 1A / Rocket Lab Launch Complex 1, Mahia Peninsula, New Zealand"
2025 JUN 25 1954,CCSFS,28.56194122,-80.57735736,Falcon 9 Block 5,Starlink Group 10-16,S,"Space Launch Complex 40 / Cape Canaveral SFS, FL, USA"
2025 JUN 25 0631,KSC,28.60822681,-80.60428186,Falcon 9 Block 5,Axiom Space Mission 4,S,"Launch Complex 39A / Kennedy Space Center, FL, USA"
2025 JUN 23 2125,VSFB,34.632,-120.611,Falcon 9 Block 5,Transporter 14 (Dedicated SSO Rideshare),S,"Space Launch Complex 4E / Vandenberg SFB, CA, USA"
2025 JUN 23 1054,CCSFS,28.58341025,-80.58303644,Atlas V 551,Amazon Leo (KA-02),S,"Space Launch Complex 41 / Cape Canaveral SFS, FL, USA"
2025 JUN 23 0558,CCSFS,28.56194122,-80.57735736,Falcon 9 Block 5,Starlink Group 10-23,S,"Space Launch Complex 40 / Cape Canaveral SFS, FL, USA"
2025 JUN 20 1237,XSLC,28.245504,102.026768,Long March 3B/E,ChinaSat 9C,S,"Launch Complex 2 (LC-2) / Xichang Satellite Launch Center, People's Republic of China"
2025 JUN 19 0301,Plesetsk,62.927319,40.574897,Angara A5/Briz-M,Kosmos 2589 & 2590,S,"35/1 / Plesetsk Cosmodrome, Russian Federation"
2025 JUN 18 0555,CCSFS,28.56194122,-80.57735736,Falcon 9 Block 5,Starlink Group 10-18,S,"Space Launch Complex 40 / Cape Canaveral SFS, FL, USA"
2025 JUN 17 0336,VSFB,34.632,-120.611,Falcon 9 Block 5,Starlink Group 15-9,S,"Space Launch Complex 4E / Vandenberg SFB, CA, USA"
2025 JUN 14 0756,JSLC,40.960482,100.298059,Long March 2D,Zhangheng-1-02,S,"Launch Area 94 (SLS-2 / 603) / Jiuquan Satellite Launch Center, People's Republic of China"
2025 JUN 13 1529,CCSFS,28.56194122,-80.57735736,Falcon 9 Block 5,Starlink Group 12-26,S,"Space Launch Complex 40 / Cape Canaveral SFS, FL, USA"
2025 JUN 13 0154,VSFB,34.632,-120.611,Falcon 9 Block 5,Starlink Group 15-6,S,"Space Launch Complex 4E / Vandenberg SFB, CA, USA"
2025 JUN 11 1531,LC-1,-39.262833,177.864469,Electron,The Mountain God Guards (iQPS Launch 3),S,"Rocket Lab Launch Complex 1A / Rocket Lab Launch Complex 1, Mahia Peninsula, New Zealand"
2025 JUN 10 1305,CCSFS,28.56194122,-80.57735736,Falcon 9 Block 5,Starlink Group 12-24,S,"Space Launch Complex 40 / Cape Canaveral SFS, FL, USA"
2025 JUN 08 1420,VSFB,34.632,-120.611,Falcon 9 Block 5,Starlink Group 15-8,S,"Space Launch Complex 4E / Vandenberg SFB, CA, USA"
2025 JUN 07 0454,CCSFS,28.56194122,-80.57735736,Falcon 9 Block 5,Sirius SXM-10,S,"Space Launch Complex 40 / Cape Canaveral SFS, FL, USA"
2025 JUN 05 2045,TSLC,38.8583,111.5802,Long March 6A,SatNet LEO Group 04,S,"Launch Complex 9A / Taiyuan Satellite Launch Center, People's Republic of China"
2025 JUN 04 2340,VSFB,34.632,-120.611,Falcon 9 Block 5,Starlink Group 11-22,S,"Space Launch Complex 4E / Vandenberg SFB, CA, USA"
2025 JUN 03 0443,CCSFS,28.56194122,-80.57735736,Falcon 9 Block 5,Starlink Group 12-19,S,"Space Launch Complex 40 / Cape Canaveral SFS, FL, USA"
2025 JUN 02 2357,LC-1,-39.262833,177.864469,Electron,Full Stream Ahead (BlackSky Gen-3 2),S,"Rocket Lab Launch Complex 1B / Rocket Lab Launch Complex 1, Mahia Peninsula, New Zealand"
2025 MAY 31 2010,VSFB,34.632,-120.611,Falcon 9 Block 5,Starlink Group 11-18,S,"Space Launch Complex 4E / Vandenberg SFB, CA, USA"
2025 MAY 31 1339,SA,31.422878,-104.757121,New Shepard,NS-32,S,"West Texas Suborbital Launch Site/ Corn Ranch / Corn Ranch, Van Horn, TX, USA"
2025 MAY 30 1737,CCSFS,28.56194122,-80.57735736,Falcon 9 Block 5,GPS III SV08,S,"Space Launch Complex 40 / Cape Canaveral SFS, FL, USA"
2025 MAY 29 0412,JSLC,40.960482,100.298059,Long March 4B,Shijian 26,S,"Launch Area 94 (SLS-2 / 603) / Jiuquan Satellite Launch Center, People's Republic of China"
2025 MAY 28 1731,XSLC,28.245504,102.026768,Long March 3B/E,Tianwen-2,S,"Launch Complex 2 (LC-2) / Xichang Satellite Launch Center, People's Republic of China"
2025 MAY 28 1330,KSC,28.60822681,-80.60428186,Falcon 9 Block 5,Starlink Group 10-32,S,"Launch Complex 39A / Kennedy Space Center, FL, USA"
2025 MAY 27 2336,Starbase,25.9962,-97.154423,Starship V2,Starship | Flight 9,F,"Orbital Launch Pad 1 / SpaceX Starbase, TX, USA"
2025 MAY 27 1657,VSFB,34.632,-120.611,Falcon 9 Block 5,Starlink Group 17-1,S,"Space Launch Complex 4E / Vandenberg SFB, CA, USA"
2025 MAY 24 1719,CCSFS,28.56194122,-80.57735736,Falcon 9 Block 5,Starlink Group 12-22,S,"Space Launch Complex 40 / Cape Canaveral SFS, FL, USA"
2025 MAY 23 2232,VSFB,34.632,-120.611,Falcon 9 Block 5,Starlink Group 11-16,S,"Space Launch Complex 4E / Vandenberg SFB, CA, USA"
2025 MAY 23 0836,Plesetsk,62.92883,40.457098,Soyuz 2.1b Fregat-M,Soyuz 2.1b/Fregat-M | Kosmos 2588,S,"43/4 (43R) / Plesetsk Cosmodrome, Russian Federation"
2025 MAY 21 0405,JSLC,40.8182,100.22514,Kinetica 1,6 satellites,S,"Launch Area 130 / Jiuquan Satellite Launch Center, People's Republic of China"
2025 MAY 21 0319,CCSFS,28.56194122,-80.57735736,Falcon 9 Block 5,Starlink Group 12-15,S,"Space Launch Complex 40 / Cape Canaveral SFS, FL, USA"
2025 MAY 20 1150,WSLC,19.618452,110.955356,Long March 7A,ChinaSat 3B,S,"201 / Wenchang Space Launch Site, People's Republic of China"
2025 MAY 19 0738,YSLA,35.391667,119.598667,Ceres-1S,Tianqi 16-18 & 20,S,Rizhao offshore launch location / Haiyang Oriental Spaceport
2025 MAY 18 0029,SDSC,13.733,80.235,PSLV XL,PSLV-XL | EOS-09 (RISAT-1B),F,"Satish Dhawan Space Centre First Launch Pad / Satish Dhawan Space Centre, India"
2025 MAY 17 0817,LC-1,-39.262833,177.864469,Electron,The Sea God Sees (iQPS Launch 2),S,"Rocket Lab Launch Complex 1A / Rocket Lab Launch Complex 1, Mahia Peninsula, New Zealand"
2025 MAY 17 0412,JSLC,40.91491,100.245488,Zhuque-2E,6 satellites,S,"Launch Area 96A / Jiuquan Satellite Launch Center, People's Republic of China"
2025 MAY 16 1343,VSFB,34.632,-120.611,Falcon 9 Block 5,Starlink Group 15-5,S,"Space Launch Complex 4E / Vandenberg SFB, CA, USA"
2025 MAY 14 1638,CCSFS,28.56194122,-80.57735736,Falcon 9 Block 5,Starlink Group 6-67,S,"Space Launch Complex 40 / Cape Canaveral SFS, FL, USA"
2025 MAY 14 0412,JSLC,40.960482,100.298059,Long March 2D,Space Computing Constellation,S,"Launch Area 94 (SLS-2 / 603) / Jiuquan Satellite Launch Center, People's Republic of China"
2025 MAY 13 0502,KSC,28.60822681,-80.60428186,Falcon 9 Block 5,Starlink Group 6-83,S,"Launch Complex 39A / Kennedy Space Center, FL, USA"
2025 MAY 13 0115,VSFB,34.632,-120.611,Falcon 9 Block 5,Starlink Group 15-4,S,"Space Launch Complex 4E / Vandenberg SFB, CA, USA"
2025 MAY 12 1809,XSLC,28.247059,102.029008,Long March 3C/E,TJSW-19,S,"Launch Complex 3 (LC-3/LA-1) / Xichang Satellite Launch Center, People's Republic of China"
2025 MAY 11 1327,TSLC,38.8583,111.5802,Long March 6A,Yaogan 40 Group 02,S,"Launch Complex 9A / Taiyuan Satellite Launch Center, People's Republic of China"
2025 MAY 10 0628,CCSFS,28.56194122,-80.57735736,Falcon 9 Block 5,Starlink Group 6-91,S,"Space Launch Complex 40 / Cape Canaveral SFS, FL, USA"
2025 MAY 10 0019,VSFB,34.632,-120.611,Falcon 9 Block 5,Starlink Group 15-3,S,"Space Launch Complex 4E / Vandenberg SFB, CA, USA"
2025 MAY 07 0117,CCSFS,28.56194122,-80.57735736,Falcon 9 Block 5,Starlink Group 6-93,S,"Space Launch Complex 40 / Cape Canaveral SFS, FL, USA"
2025 MAY 04 0854,KSC,28.60822681,-80.60428186,Falcon 9 Block 5,Starlink Group 6-84,S,"Launch Complex 39A / Kennedy Space Center, FL, USA"
2025 MAY 02 0151,CCSFS,28.56194122,-80.57735736,Falcon 9 Block 5,Starlink Group 6-75,S,"Space Launch Complex 40 / Cape Canaveral SFS, FL, USA"
2025 APR 29 1337,VSFB,34.7556,-120.6224,Firefly Alpha,FLTA006 (Message in a Booster),F,"Space Launch Complex 2W / Vandenberg SFB, CA, USA"
2025 APR 29 0915,CSG,5.236,-52.775,Vega-C,Biomass,S,"Ariane Launch Area 1 (ELV) / Guiana Space Centre, French Guiana"
2025 APR 29 0234,KSC,28.60822681,-80.60428186,Falcon 9 Block 5,Starlink Group 12-10,S,"Launch Complex 39A / Kennedy Space Center, FL, USA"
2025 APR 28 2301,CCSFS,28.58341025,-80.58303644,Atlas V 551,Amazon Leo (KA-01),S,"Space Launch Complex 41 / Cape Canaveral SFS, FL, USA"
2025 APR 28 2042,VSFB,34.632,-120.611,Falcon 9 Block 5,Starlink Group 11-9,S,"Space Launch Complex 4E / Vandenberg SFB, CA, USA"
2025 APR 28 2010,WSLC,19.614334,110.951011,Long March 5B/YZ-2,SatNet LEO Group 03,S,"101 / Wenchang Space Launch Site, People's Republic of China"
2025 APR 28 0209,CCSFS,28.56194122,-80.57735736,Falcon 9 Block 5,Starlink Group 12-23,S,"Space Launch Complex 40 / Cape Canaveral SFS, FL, USA"
2025 APR 27 1554,XSLC,28.245504,102.026768,Long March 3B/E,Tianlian 2-05,S,"Launch Complex 2 (LC-2) / Xichang Satellite Launch Center, People's Republic of China"
2025 APR 25 0152,CCSFS,28.56194122,-80.57735736,Falcon 9 Block 5,Starlink Group 6-74,S,"Space Launch Complex 40 / Cape Canaveral SFS, FL, USA"
2025 APR 24 0917,JSLC,40.957893,100.290944,Long March 2F/G,Shenzhou 20,S,"Launch Area 91 (SLS-1 / 921) / Jiuquan Satellite Launch Center, People's Republic of China"
2025 APR 22 0048,CCSFS,28.56194122,-80.57735736,Falcon 9 Block 5,Bandwagon 3 (Dedicated Mid-Inclination Rideshare),S,"Space Launch Complex 40 / Cape Canaveral SFS, FL, USA"
2025 APR 21 0815,KSC,28.60822681,-80.60428186,Falcon 9 Block 5,Dragon CRS-2 SpX-32,S,"Launch Complex 39A / Kennedy Space Center, FL, USA"
2025 APR 20 1229,VSFB,34.632,-120.611,Falcon 9 Block 5,NROL-145,S,"Space Launch Complex 4E / Vandenberg SFB, CA, USA"
2025 APR 18 2251,TSLC,38.8583,111.5802,Long March 6A,Shiyan 27 01-06,S,"Launch Complex 9A / Taiyuan Satellite Launch Center, People's Republic of China"
2025 APR 16 1933,VSFB,34.57635,-120.63245,Minotaur IV,NROL-174,S,"Space Launch Complex 8 / Vandenberg SFB, CA, USA"
2025 APR 14 1330,SA,31.422878,-104.757121,New Shepard,NS-31,S,"West Texas Suborbital Launch Site/ Corn Ranch / Corn Ranch, Van Horn, TX, USA"
2025 APR 14 0400,CCSFS,28.56194122,-80.57735736,Falcon 9 Block 5,Starlink Group 6-73,S,"Space Launch Complex 40 / Cape Canaveral SFS, FL, USA"
2025 APR 13 0053,KSC,28.60822681,-80.60428186,Falcon 9 Block 5,Starlink Group 12-17,S,"Launch Complex 39A / Kennedy Space Center, FL, USA"
2025 APR 12 1225,VSFB,34.632,-120.611,Falcon 9 Block 5,NROL-192,S,"Space Launch Complex 4E / Vandenberg SFB, CA, USA"
2025 APR 10 1647,XSLC,28.247059,102.029008,Long March 3B/E,TJSW-17,S,"Launch Complex 3 (LC-3/LA-1) / Xichang Satellite Launch Center, People's Republic of China"
2025 APR 08 0547,Baikonur,45.996034,63.564003,Soyuz 2.1a,Soyuz MS-27,S,"31/6 / Baikonur Cosmodrome, Republic of Kazakhstan"
2025 APR 07 2306,VSFB,34.632,-120.611,Falcon 9 Block 5,Starlink Group 11-11,S,"Space Launch Complex 4E / Vandenberg SFB, CA, USA"
2025 APR 06 0307,CCSFS,28.56194122,-80.57735736,Falcon 9 Block 5,Starlink Group 6-72,S,"Space Launch Complex 40 / Cape Canaveral SFS, FL, USA"
2025 APR 04 0102,VSFB,34.632,-120.611,Falcon 9 Block 5,Starlink Group 11-13,S,"Space Launch Complex 4E / Vandenberg SFB, CA, USA"
2025 APR 03 0212,TSLC,38.868222,111.58024,Long March 6,Tianping-3A-02,S,"Launch Complex 16 / Taiyuan Satellite Launch Center, People's Republic of China"
2025 APR 01 0400,JSLC,40.960482,100.298059,Long March 2D,4 x SatNet test satellites,S,"Launch Area 94 (SLS-2 / 603) / Jiuquan Satellite Launch Center, People's Republic of China"
2025 APR 01 0146,KSC,28.60822681,-80.60428186,Falcon 9 Block 5,Fram2,S,"Launch Complex 39A / Kennedy Space Center, FL, USA"
2025 MAR 31 1952,CCSFS,28.56194122,-80.57735736,Falcon 9 Block 5,Starlink Group 6-80,S,"Space Launch Complex 40 / Cape Canaveral SFS, FL, USA"
2025 MAR 30 1030,Andoya,69.1084,15.5895,Spectrum,Maiden Flight,F,Orbital Launch Pad / Andøya Spaceport
2025 MAR 29 1605,WSLC,19.618452,110.955356,Long March 7A,TJSW-16,S,"201 / Wenchang Space Launch Site, People's Republic of China"
2025 MAR 26 2211,VSFB,34.632,-120.611,Falcon 9 Block 5,Starlink Group 11-7,S,"Space Launch Complex 4E / Vandenberg SFB, CA, USA"
2025 MAR 26 1555,XSLC,28.245504,102.026768,Long March 3B/E,Tianlian 2-04,S,"Launch Complex 2 (LC-2) / Xichang Satellite Launch Center, People's Republic of China"
2025 MAR 26 1530,LC-1,-39.262833,177.864469,Electron,Finding Hot Wildfires Near You (OroraTech OTC-P1),S,"Rocket Lab Launch Complex 1B / Rocket Lab Launch Complex 1, Mahia Peninsula, New Zealand"
2025 MAR 24 1748,CCSFS,28.56194122,-80.57735736,Falcon 9 Block 5,NROL-69,S,"Space Launch Complex 40 / Cape Canaveral SFS, FL, USA"
2025 MAR 21 1107,JSLC,40.969117,100.343333,Ceres-1,Yunyao-1 43-48,S,"Launch Area 95A / Jiuquan Satellite Launch Center, People's Republic of China"
2025 MAR 21 0649,VSFB,34.632,-120.611,Falcon 9 Block 5,NROL-57,S,"Space Launch Complex 4E / Vandenberg SFB, CA, USA"
2025 MAR 18 1957,CCSFS,28.56194122,-80.57735736,Falcon 9 Block 5,Starlink Group 12-25,S,"Space Launch Complex 40 / Cape Canaveral SFS, FL, USA"
2025 MAR 18 0131,LC-1,-39.262833,177.864469,Electron,High Five (Kinéis 21-25),S,"Rocket Lab Launch Complex 1A / Rocket Lab Launch Complex 1, Mahia Peninsula, New Zealand"
2025 MAR 17 0807,JSLC,40.969117,100.343333,Ceres-1,8 satellites,S,"Launch Area 95A / Jiuquan Satellite Launch Center, People's Republic of China"
2025 MAR 16 1049,Plesetsk,62.927319,40.574897,Angara 1.2,"3 x Rodnik (Kosmos 2585, 2586, 2587)",S,"35/1 / Plesetsk Cosmodrome, Russian Federation"
2025 MAR 15 1135,CCSFS,28.56194122,-80.57735736,Falcon 9 Block 5,Starlink Group 12-16,S,"Space Launch Complex 40 / Cape Canaveral SFS, FL, USA"
2025 MAR 15 0643,VSFB,34.632,-120.611,Falcon 9 Block 5,Transporter 13 (Dedicated SSO Rideshare),S,"Space Launch Complex 4E / Vandenberg SFB, CA, USA"
2025 MAR 15 0411,JSLC,40.960482,100.298059,Long March 2D,SuperView Neo 3-02,S,"Launch Area 94 (SLS-2 / 603) / Jiuquan Satellite Launch Center, People's Republic of China"
2025 MAR 15 0000,LC-1,-39.262833,177.864469,Electron,The Lightning God Reigns (iQPS Launch 1),S,"Rocket Lab Launch Complex 1B / Rocket Lab Launch Complex 1, Mahia Peninsula, New Zealand"
2025 MAR 14 2303,KSC,28.60822681,-80.60428186,Falcon 9 Block 5,Crew-10,S,"Launch Complex 39A / Kennedy Space Center, FL, USA"
2025 MAR 13 0235,CCSFS,28.56194122,-80.57735736,Falcon 9 Block 5,Starlink Group 12-21,S,"Space Launch Complex 40 / Cape Canaveral SFS, FL, USA"
2025 MAR 12 0310,VSFB,34.632,-120.611,Falcon 9 Block 5,SPHEREx & PUNCH,S,"Space Launch Complex 4E / Vandenberg SFB, CA, USA"
2025 MAR 11 1638,WSLC,19.597275,110.930753,Long March 8,SpaceSail Polar Group #5,S,"Commercial LC-1 / Wenchang Space Launch Site, People's Republic of China"
2025 MAR 09 1717,XSLC,28.247059,102.029008,Long March 3B/E,TJSW-15,S,"Launch Complex 3 (LC-3/LA-1) / Xichang Satellite Launch Center, People's Republic of China"
2025 MAR 06 2330,Starbase,25.9962,-97.154423,Starship V2,Starship | Flight 8,F,"Orbital Launch Pad 1 / SpaceX Starbase, TX, USA"
2025 MAR 06 1624,CSG,5.256319,-52.786838,Ariane 62,CSO-3,S,"Ariane Launch Area 4 / Guiana Space Centre, French Guiana"
2025 MAR 03 0224,CCSFS,28.56194122,-80.57735736,Falcon 9 Block 5,Starlink Group 12-20,S,"Space Launch Complex 40 / Cape Canaveral SFS, FL, USA"
2025 MAR 02 2222,Plesetsk,62.9273,40.45,Soyuz 2.1b Fregat-M,Soyuz 2.1b/Fregat-M | Glonass-K2 No. 14 (Kosmos 2584),S,"43/3 (43L) / Plesetsk Cosmodrome, Russian Federation"
2025 MAR 01 1000,JSLC,40.969117,100.343333,Kuaizhou 1A,Unknown Payload,F,"Launch Area 95A / Jiuquan Satellite Launch Center, People's Republic of China"
2025 FEB 27 2124,Baikonur,45.996034,63.564003,Soyuz 2.1a,Progress MS-30 (91P),S,"31/6 / Baikonur Cosmodrome, Republic of Kazakhstan"
2025 FEB 27 0708,JSLC,40.960482,100.298059,Long March 2C,SuperView Neo 1-03 & 04,S,"Launch Area 94 (SLS-2 / 603) / Jiuquan Satellite Launch Center, People's Republic of China"
2025 FEB 27 0334,CCSFS,28.56194122,-80.57735736,Falcon 9 Block 5,Starlink Group 12-13,S,"Space Launch Complex 40 / Cape Canaveral SFS, FL, USA"
2025 FEB 27 0016,KSC,28.60822681,-80.60428186,Falcon 9 Block 5,Nova-C IM-2 & Others,S,"Launch Complex 39A / Kennedy Space Center, FL, USA"
2025 FEB 25 1549,SA,31.422878,-104.757121,New Shepard,NS-30,S,"West Texas Suborbital Launch Site/ Corn Ranch / Corn Ranch, Van Horn, TX, USA"
2025 FEB 23 0138,VSFB,34.632,-120.611,Falcon 9 Block 5,Starlink Group 15-1,S,"Space Launch Complex 4E / Vandenberg SFB, CA, USA"
2025 FEB 22 1211,XSLC,28.245504,102.026768,Long March 3B/E,ChinaSat 10R,S,"Launch Complex 2 (LC-2) / Xichang Satellite Launch Center, People's Republic of China"
2025 FEB 21 1519,CCSFS,28.56194122,-80.57735736,Falcon 9 Block 5,Starlink Group 12-14,S,"Space Launch Complex 40 / Cape Canaveral SFS, FL, USA"
2025 FEB 18 2321,CCSFS,28.56194122,-80.57735736,Falcon 9 Block 5,Starlink Group 10-12,S,"Space Launch Complex 40 / Cape Canaveral SFS, FL, USA"
2025 FEB 18 2317,LC-1,-39.262833,177.864469,Electron,Fasten Your Space Belts (BlackSky Gen-3 1),S,"Rocket Lab Launch Complex 1B / Rocket Lab Launch Complex 1, Mahia Peninsula, New Zealand"
2025 FEB 15 0614,CCSFS,28.56194122,-80.57735736,Falcon 9 Block 5,Starlink Group 12-8,S,"Space Launch Complex 40 / Cape Canaveral SFS, FL, USA"
2025 FEB 11 1853,CCSFS,28.56194122,-80.57735736,Falcon 9 Block 5,Starlink Group 12-18,S,"Space Launch Complex 40 / Cape Canaveral SFS, FL, USA"
2025 FEB 11 0930,WSLC,19.618452,110.955356,Long March 8A,SatNet LEO Group 02 (Demo Flight),S,"201 / Wenchang Space Launch Site, People's Republic of China"
2025 FEB 11 0209,VSFB,34.632,-120.611,Falcon 9 Block 5,Starlink Group 11-10,S,"Space Launch Complex 4E / Vandenberg SFB, CA, USA"
2025 FEB 08 2043,LC-1,-39.262833,177.864469,Electron,IoT 4 You and Me (Kinéis 16-20),S,"Rocket Lab Launch Complex 1A / Rocket Lab Launch Complex 1, Mahia Peninsula, New Zealand"
2025 FEB 08 1918,CCSFS,28.56194122,-80.57735736,Falcon 9 Block 5,Starlink Group 12-9,S,"Space Launch Complex 40 / Cape Canaveral SFS, FL, USA"
2025 FEB 05 0359,Plesetsk,62.92883,40.457098,Soyuz 2.1v Volga,Soyuz 2.1v/Volga | Kosmos 2581/2582/2583,S,"43/4 (43R) / Plesetsk Cosmodrome, Russian Federation"
2025 FEB 04 2313,KSC,28.60822681,-80.60428186,Falcon 9 Block 5,WorldView Legion 5 & 6,S,"Launch Complex 39A / Kennedy Space Center, FL, USA"
2025 FEB 04 1600,SA,31.422878,-104.757121,New Shepard,NS-29,S,"West Texas Suborbital Launch Site/ Corn Ranch / Corn Ranch, Van Horn, TX, USA"
2025 FEB 04 1015,CCSFS,28.56194122,-80.57735736,Falcon 9 Block 5,Starlink Group 12-3,S,"Space Launch Complex 40 / Cape Canaveral SFS, FL, USA"
2025 FEB 02 0830,TNSC,30.400938,130.97564,H3-22,Michibiki 6 (QZS-6),S,"Yoshinobu Launch Complex LP-2 / Tanegashima Space Center, Japan"
2025 FEB 01 2302,VSFB,34.632,-120.611,Falcon 9 Block 5,Starlink Group 11-4,S,"Space Launch Complex 4E / Vandenberg SFB, CA, USA"
2025 JAN 30 0134,KSC,28.60822681,-80.60428186,Falcon 9 Block 5,SpainSat NG I,S,"Launch Complex 39A / Kennedy Space Center, FL, USA"
2025 JAN 29 0053,SDSC,13.7199,80.2304,GSLV Mk. II,GSLV Mk II | IRNSS-1K (NVS-02),S,"Satish Dhawan Space Centre Second Launch Pad / Satish Dhawan Space Centre, India"
2025 JAN 27 2205,CCSFS,28.56194122,-80.57735736,Falcon 9 Block 5,Starlink Group 12-7,S,"Space Launch Complex 40 / Cape Canaveral SFS, FL, USA"
2025 JAN 24 1407,VSFB,34.632,-120.611,Falcon 9 Block 5,Starlink Group 11-6,S,"Space Launch Complex 4E / Vandenberg SFB, CA, USA"
2025 JAN 23 1532,XSLC,28.245504,102.026768,Long March 3B/E,TJSW-14,S,"Launch Complex 2 (LC-2) / Xichang Satellite Launch Center, People's Republic of China"
2025 JAN 23 0515,TSLC,38.8583,111.5802,Long March 6A,SpaceSail Polar Group #4,S,"Launch Complex 9A / Taiyuan Satellite Launch Center, People's Republic of China"
2025 JAN 21 1545,VSFB,34.632,-120.611,Falcon 9 Block 5,Starlink Group 11-8,S,"Space Launch Complex 4E / Vandenberg SFB, CA, USA"
2025 JAN 21 0524,KSC,28.60822681,-80.60428186,Falcon 9 Block 5,Starlink Group 13-1,S,"Launch Complex 39A / Kennedy Space Center, FL, USA"
2025 JAN 20 1011,JSLC,40.969117,100.343333,Ceres-1,5 satellites,S,"Launch Area 95A / Jiuquan Satellite Launch Center, People's Republic of China"
2025 JAN 17 0407,JSLC,40.960482,100.298059,Long March 2D,PRSC-EO1,S,"Launch Area 94 (SLS-2 / 603) / Jiuquan Satellite Launch Center, People's Republic of China"
2025 JAN 16 2237,Starbase,25.9962,-97.154423,Starship V2,Starship | Flight 7,F,"Orbital Launch Pad 1 / SpaceX Starbase, TX, USA"
